P_RADIUS_EST,P_MASS_EST,P_SEMI_MAJOR_AXIS_EST,Temperature
12.082709,6165.8633,1.29,223.8847182078823
12.229641,4684.7848,1.53,205.5765580890126
12.848516,1525.5744,0.83,279.11312533762066
12.865261,1481.0785,2.93,148.5543918391377
13.421749,565.73385,1.66,197.36278364440233
12.424038,3273.6284,2.6,157.7003408252737
12.56295,2542.624,330.0,13.997882252235621
13.823874,289.22348,0.19,583.3678693615813
13.35605,632.47773,1.333,220.2440736569088
13.858291,273.33208,2.08,176.31434108009867
11.959259,7786.7861,52.0,35.26286821601973
16.1424,4417.8092,156.0,20.35902645691729
12.598676,2383.71,15.0,65.65588752003865
12.952003,1271.312,46.0,37.49215381413867
13.383276,603.87321,0.92,265.10956203266534
10.3132,6658.4967,3.1832119,142.5235171118067
12.318663,3972.85,230.0,16.767000910258414
12.26437,4392.383,0.99,255.565195561689
12.629095,2256.5788,0.87,272.6212342162393
12.969374,1233.1727,1.19,233.10190632349327
13.215704,804.10485,2.1,175.47274037467974
14.144978,171.62712,3.6,134.01951919471728
13.470213,521.23792,11.6,74.66039981756676
0.0,0.0,12.0,73.40551380894325
14.228992,150.01482,0.0527,1107.6791941560582
13.879517,263.98794,0.115227,749.1041075835439
8.5133162,54.47572,0.241376,517.5737749980234
12.969667,1232.537,5.503,108.39757074653744
1.9057,8.0791878,0.01544,2046.424176464109
7.5885086,44.813748,0.788,286.4548615026491
13.350175,638.83429,2.11,175.05643435430574
2.1061683,5.085248,0.050201,1134.9144399703687
4.4511957,18.116196,0.2175,545.2424684324786
5.1078157,22.883616,0.476,368.56647545472254
13.232029,781.85689,1.93,183.03774277491092
12.604921,2357.0125,0.481,366.6458450006719
13.116992,953.48401,2.1,175.47274037467974
13.604033,416.35468,0.49,363.2630842079672
12.792619,1684.4884,2.5,160.8234230336607
13.079797,1017.0496,0.7,303.927701672288
12.277019,4290.678,260.0,15.770034082527372
12.686905,2034.0992,1.3,223.0219607859616
13.742892,330.54112,0.78,287.92011332085093
13.730809,337.21551,0.576,335.0487979867932
13.703559,352.78908,0.539,346.35776084626804
11.535801,17668.059,1.05,248.15592926464504
12.319965,3963.3152,2.01,179.35821669455373
12.924229,1334.8776,1.3,223.0219607859616
2.5783,22.24796,0.27908623,481.3379470930108
13.823874,289.22348,1.0,254.28415894557705
13.448934,540.3076,1.7,195.02704712975748
13.484857,508.5248,4.2,124.07796463232252
2.8664188,8.5813561,0.0428,1229.1288751948832
8.47229,54.03076,0.435,385.54464681949776
3.6130979,12.71312,0.06,1038.1107318157306
12.521925,104.88324,0.68,308.36483713351885
14.089972,187.51852,0.04,1271.4207947278853
14.156616,168.44884,2.28,168.40379820624372
12.45239,3108.3579,1.66,197.36278364440233
13.146629,905.80981,1.34,219.66805603859598
12.413529,3337.194,2.6,157.7003408252737
12.31568,3994.7802,210.0,17.547274037467975
12.359231,3686.8048,0.081670999,889.7855979031808
24.662,5403.076,440.0,12.122521629619381
16.7029,327.36284,0.025304732,1598.5213269908895
10.8737,874.02701,0.1055,782.8761742299143
16.0303,740.53925,0.0436,1217.8002567671344
16.1424,291.44828,0.04016,1268.8855563234622
9.92085,415.71903,0.051,1125.9891815962333
12.2189,2415.4928,0.027,1547.5241096746847
13.1157,170.03798,0.0618,1022.8808980345998
11.4342,772.32205,0.0461,1184.3193995474605
14.6851,1102.8632,0.0295,1480.4996120831265
14.4609,352.78908,0.0518,1117.2604516441536
16.43386,1102.8632,0.02798,1520.1815273204759
12.910854,1366.6604,0.09,847.6138631519235
12.153122,5403.076,2.9,149.3207996351335
14.573,718.29129,0.0417,1245.2348838043179
4.87635,12.077464,0.092,838.3500455129208
11.7705,889.91841,0.048,1160.6430822560135
3.6993,5.7209041,0.056,1074.546694214584
4.9324,27.968864,0.098,812.280950005245
12.1068,85.813561,0.0578,1057.6826655219731
14.1246,165.27056,0.0526,1108.7316211812554
11.28847,3302.233,0.0476,1165.5095316174663
10.70555,153.82875,0.0603,1035.5251468997183
10.089,270.1538,0.0386,1294.272291292185
11.3221,6884.1545,0.057078415,1064.347277320839
13.3399,228.83616,0.09,847.6138631519235
15.55948,148.42568,0.04947,1143.2687975156773
13.07086,940.77089,0.0855,869.6334745211417
1.6815,3.17828,0.016479635,1980.8222774258998
2.8306203,8.4001941,0.046,1185.6060043804741
6.3897,69.922161,0.063,1013.0923389076265
11.94986,266.97552,0.4021,401.00729142476405
6.3897,47.6742,0.071,954.3114433214972
12.339484,3823.2484,5.75,106.04382481306614
11.879945,9058.0981,0.36,423.80693157596176
12.388146,3496.108,330.0,13.997882252235621
12.718338,1922.8594,8.19,88.85407601374486
5.70589,27.616484,0.079427582,902.2640116295397
1.87207,4.1632686,0.13456027,693.2037141577641
0.69502,0.26380241,0.029833021,1472.213137868867
1.22189,1.9931486,0.048773043,1151.4083633510663
1.03132,1.0854299,0.033327101,1392.901920230393
0.99769,0.96382171,0.041545756,1247.5442901896843
1.09858,1.3612778,0.047054567,1172.2450708069039
1.31157,2.2754822,0.075317114,926.5577025511985
1.70392,3.5484667,0.052115256,1113.8760554726289
1.0089,1.0032039,0.023899659,1644.839223042091
1.62545,3.2754986,0.049007764,1148.647738528149
0.8968,0.65772873,0.024986426,1608.6710116395914
0.96406,0.85235786,0.023704372,1651.6007784556014
1.98417,4.5953145,0.131,702.560385553118
5.76194,28.078642,0.1493,658.0962287439958
1.32278,2.3086002,0.031941391,1422.7952065947725
2.17474,5.369523,0.13965047,680.4529560306206
1.60303,3.1991632,0.20243356,565.1686319393626
1.121,1.4635061,0.11846153,738.806380018547
2.58951,7.2218056,0.098,812.280950005245
2.6904,7.7059808,0.28,480.55189065229797
1.47972,2.7926567,0.015187007,2063.3989697373563
1.81602,3.9538581,0.0134,2196.68056038596
2.73524,7.9252992,0.1091,769.8514473975637
11.78171,953.48401,0.07229,945.7583700926748
9.90964,70.499802,0.045408131,1193.3078362568808
12.4431,4131.764,4.5,119.87070209249028
12.185583,5085.248,800.0,8.99030265693677
0.0,0.0,160.0,20.102927879207588
1.1609198,1.6590622,0.0153,2055.765580890126
1.4318957,2.6411507,0.0476,1165.5095316174663
11.936835,96.69917,0.166,624.1159216673386
9.7061586,68.059689,0.912,266.26978447755414
2.84734,6.2612117,0.01411,2140.699950617229
2.6267538,7.3990359,0.026,1577.0034082527372
2.61193,22.699276,0.1915,581.0786471787611
3.2461593,10.599564,0.0607,1032.1075628358335
2.4996552,6.8015193,0.1254,718.0762082915364
5.9200296,29.39909,1.0304,250.50498975845846
13.887363,260.61896,2.41,163.79882597355555
1.5095953,2.8890565,0.091101,842.4763803325944
1.0554253,1.1791419,0.036467,1331.5862053256237
13.050041,1071.0804,0.49,363.2630842079672
1.1839043,1.7798368,0.0197,1811.6996183529088
1.8763492,4.1794382,0.057,1065.0791379102166
3.2283528,10.501037,0.698,304.36281671494066
13.222642,794.57001,1.15,237.1212008760948
13.507553,489.45512,4.4609917,120.3936547312731
13.271242,731.00441,4.5,119.87070209249028
5.1933932,23.538342,0.14339,671.5214251336691
4.8682094,21.091066,0.36175,422.7805856579589
2.6683929,7.5992676,0.19394,577.4117406995795
1.626761,3.279985,0.08208,887.5659482585138
1.2266953,2.0213861,0.03282,1403.6215182750952
1.323458,2.3106096,0.1264,715.2300765670467
2.4581349,6.6108225,0.089,852.3624373552319
4.57368,13.898619,0.0355,1349.6001858731045
1.22189,1.8402241,0.035,1359.2060023690249
1.6617796,3.4007596,0.061,1029.566465267908
2.3442156,6.0991194,0.204,562.9945907981166
2.8034041,8.2635281,0.0287,1500.991930917029
2.7503414,7.9997308,0.026,1577.0034082527372
2.5718565,7.1384169,0.0608,1031.2584408798054
1.3763357,2.4695236,0.029,1493.2079963513352
2.3807127,6.2612117,0.089,852.3624373552319
1.5406737,2.9907615,0.0785,907.5790817829209
4.2230968,16.568374,0.082,887.998801709389
2.4020004,6.3565601,0.06,1038.1107318157306
4.17012,22.24796,0.0291,1490.640138911469
12.952003,1271.312,43.5,38.554464681949774
2.1721284,5.3585801,0.06661,985.2571361022952
4.0140343,15.2,0.041000001,1255.8199334335977
2.241415,5.652,0.074000001,934.7671528020766
1.160517,1.657,0.028999999,1493.2080220963012
1.4879674,2.8191344,0.078361,908.3836758912996
12.477169,104.24758,1.135,238.682938069924
2.2574697,5.7209041,0.0505,1131.5496558160476
1.777887,3.813936,0.125,719.2242125549417
1.4001882,2.542624,0.213,550.9719686924067
1.4001882,2.542624,0.156,643.8089454748655
1.9468648,4.449592,0.549,343.1888217559693
3.3398154,11.12398,0.039,1287.617890949731
12.829992,1576.4269,1.82,188.48795905615182
12.653108,2161.2304,6.6,98.97997462806632
1.9468648,4.449592,0.041386533,1249.941773695773
2.7393849,7.9457001,0.18990551,583.5129825153746
2.9481483,9.000889,0.1344,693.6169085692196
4.5877261,19.06968,0.17,616.7296742670377
14.00223,216.12304,3.56,134.77033470075597
2.182734,5.403076,0.163,629.8331334697436
13.766628,317.828,2.35,165.87669541298348
12.895227,1404.7998,0.11,766.6955866850669
13.277472,723.2494,0.208317,557.1305194273193
13.972031,226.99276,0.12959,706.3721384971673
2.472029,6.6743881,0.020807,1762.8468028783968
3.9231124,14.620088,0.3343,439.79584055106415
4.6709671,19.66084,0.291,471.3818010630028
1.58061,4.9104426,0.0188,1854.5578341322932
1.24431,0.83906593,0.03925,1283.5106463835273
2.0178,4.0395939,0.05591,1075.4112114283923
33.63,6356.5601,100.0,25.428415894557705
12.185583,5085.248,320.0,14.214916625091787
14.18065,3591.4564,2000.0,5.685966650036716
3.6644504,13.021413,0.039435,1280.4964634335058
2.235976,5.6287339,0.0905,845.2691453457801
2.4643939,6.639427,0.0917,839.7202725980885
14.78599,166.8597,0.05561,1078.3080772620467
4.36069,23.398498,0.05254,1109.3645191233018
13.486643,506.99605,4.13,125.12505462759727
10.75039,67.061709,0.0384,1297.638414769663
14.25912,270.47163,0.04267557,1230.9194685631733
12.246714,4538.5839,1.220941,230.12932678104517
15.9182,1093.3283,0.0751911,927.3337941604174
11.8826,616.58633,0.095974547,820.8074137717819
14.44969,1332.6528,0.0413,1251.2505462759725
11.7705,184.34024,0.092546544,835.8708947357309
13.044953,1080.6152,5.6,107.45466942145842
11.15395,62.612117,0.0559,1075.507397754011
12.68972,92.805777,0.0466,1177.9486196109476
12.521757,2739.6774,0.06814,974.1329673199947
9.71907,2302.9817,0.0361,1338.337678660932
12.4431,1547.8224,0.054062515,1093.6319343659102
12.8915,785.03517,0.044368276,1207.2105690418787
12.2189,425.88952,0.018557982,1866.6114750822846
14.573,238.371,0.048704094,1152.2230831374657
12.72335,180.84413,0.0466,1177.9486196109476
7.0623,22.24796,0.053184492,1102.6223675650474
11.4342,197.05336,0.04,1271.4207947278853
13.58652,198.96033,0.0434,1220.6030228604702
13.1157,279.68864,0.070858344,955.2648698243752
10.5374,206.5882,0.040567684,1262.4936389244754
16.1424,263.79724,0.045097536,1197.4100501447224
12.2189,721.46957,0.062646047,1015.9503164445139
22.1958,216.12304,0.03397,1379.6582824994102
20.7385,292.40176,0.054801493,1086.2332953014993
15.1335,2227.9743,0.098261753,811.1983377375007
39.7955,2390.0666,0.13289301,697.5385862803531
14.31517,587.40972,0.0241,1637.9882597355556
13.20538,371.54094,0.0379,1306.1699886811766
9.24825,84.860077,0.0523,1111.90699270814
17.61091,190.37897,0.0509,1127.0947186142275
14.28154,213.26259,0.04438,1207.0511022599107
17.0392,152.55744,0.05351793,1099.1821125978968
22.9805,378.21532,0.051823488,1117.0072345352728
14.3488,331.81244,0.0575,1060.4382481306613
14.36001,210.40214,0.0443,1208.1404987833328
13.92282,111.87546,0.0507,1129.3155970606651
12.952003,1271.312,1.752,192.11100988813587
15.98546,283.50258,0.0452,1196.0520740973798
14.39364,156.68921,0.0577,1058.598804858327
17.8239,699.22161,0.049388842,1144.2077476843172
13.5641,311.47144,0.039273541,1283.1259133987305
14.43848,429.0678,0.0453,1194.7311989576997
14.49453,98.208853,0.05069,1129.4269858854232
11.31089,259.98331,0.03694,1323.0335592421206
14.77478,471.65676,0.03159,1430.686545499701
10.58224,241.54928,0.04117,1253.224488053079
13.25022,184.9759,0.04604,1185.0908594487555
16.9271,734.18269,0.04359412,1217.882382797748
19.5054,448.13748,0.050147504,1135.5196266179732
16.5908,419.53296,0.058388197,1052.3416843526782
21.1869,167.49536,0.03951,1279.2805326081084
17.8239,248.85933,0.04363,1217.381504875529
23.37285,108.06152,0.06505,997.0011413223126
18.78796,1137.8243,0.06555,993.1914172577252
16.9271,584.80353,0.038440527,1296.9541985997607
20.9627,2154.8739,0.04739,1168.0890468309467
15.694,406.81984,0.044819501,1201.1183375648516
15.61553,238.05317,0.05287,1105.896925593458
14.59542,589.57095,0.0444,1206.779213281969
10.86249,167.17753,0.04491,1199.9075290083804
18.03689,1000.0,0.0507,1129.3155970606651
7.75732,46.519402,0.0441,1210.8769473598907
13.58652,172.58061,0.04057,1262.4576027277997
11.64719,340.39379,0.03815,1301.8832360994145
12.38705,689.68677,0.02712,1544.0965880586637
14.573,1039.2976,0.03744,1314.169506877281
8.71017,425.25387,0.1308,703.0973060637003
14.89809,629.14053,0.0174,1927.7232340974888
13.09328,427.47866,0.023,1676.7000910258416
10.68313,870.84873,0.05025,1134.3609636416531
20.8506,467.20716,0.03397,1379.6582824994102
15.63795,718.29129,0.0238,1648.2793866885345
14.1246,194.82857,0.05163,1119.0983190316615
19.6175,206.5882,0.04735,1168.5823277004135
16.815,168.44884,0.0611,1028.723594504219
13.38474,213.58042,0.04131,1251.0990906624813
14.02371,207.54169,0.05475,1086.743982659974
15.48101,340.39379,0.0485,1154.6448866384858
13.17175,224.38657,0.04354,1218.6390585587696
18.3844,279.68864,0.0478,1163.0686712805118
14.00129,292.40176,0.04024,1267.6236111516669
13.7883,378.85098,0.03727,1317.163263737416
16.0303,299.07615,0.03166,1429.104052194272
16.41144,388.38582,0.03199,1421.7138226515854
12.92513,110.68129,0.0523,1111.90699270814
17.5997,200.23164,0.06007,1037.5056965765655
11.4342,420.48645,0.0362,1336.4878675782898
17.7118,505.34652,0.04997,1137.5346416042457
14.9093,3082.9316,0.0583,1053.137381640318
15.694,597.51665,0.03689,1323.929862819787
13.2278,82.953109,0.04944,1143.6156104456982
11.96107,177.98368,0.03649,1331.1664833430789
14.41606,222.4796,0.05511,1083.1886493057193
10.12263,54.984245,0.05367,1097.6237821006657
10.22352,75.325237,0.0542,1092.2439873361384
12.6673,123.95292,0.05046,1131.9980606903214
15.8061,244.09191,0.04639,1180.6118001661332
15.49222,711.93473,0.02498,1608.877910262455
15.0214,189.10766,0.04753,1166.3674702920655
11.96107,241.54928,0.03763,1310.8475803732824
14.02371,292.71959,0.05412,1093.0509649026953
18.92248,191.33246,0.06043,1034.4107108047046
12.76819,1000.2047,0.03493,1360.5672505843695
12.27495,327.36284,0.05798,1056.0395914325286
12.62246,256.16937,0.06112,1028.5552686265473
12.310061,4036.4156,2.504,160.69491848015372
11.18758,101.38713,0.03623,1335.9344182340062
12.92513,210.40214,0.04708,1171.928399859836
13.39595,1080.6152,0.07908,904.2447076333917
11.82655,56.891213,0.04163,1246.281362671599
13.53047,305.11488,0.04026,1267.3087127214817
18.82159,305.11488,0.06562,992.6615334563713
16.82621,260.93679,0.04497,1199.1067898274373
15.81731,1694.0233,0.04714,1171.182344569459
18.88885,460.8506,0.03032,1460.3424424306208
13.81072,409.99812,0.05071,1129.204241186307
10.59345,183.38676,0.03211,1419.0547545708878
6.31123,38.13936,0.04012,1269.5179438814469
15.51464,4099.9812,0.03632,1334.2781864843064
9.78633,43.860264,0.04667,1177.0648897467431
13.85556,124.54582,0.0312,1439.600566604255
77.349,1000.0,53.0,34.92861547598255
13.48116,511.70308,0.68,308.36483713351885
13.748735,327.36284,1.03,250.55362678245984
3.6975355,13.221645,0.06412,1004.205392293067
3.4946933,12.013899,0.12859,709.113425337205
5.4548168,25.585154,0.2699,489.46074133187454
5.116168,22.947182,0.4929,362.19287012407455
5.1577873,23.26501,1.427,212.86649995935733
9.5033808,65.663265,3.381,138.29189270057708
10.632932,79.457001,0.3,464.2572329024054
8.47229,54.03076,0.15,656.5588752003865
14.229711,130.30948,0.05,1137.193330007343
12.832273,1570.0703,0.51,356.06904345530444
12.552009,2593.4765,1.81,189.00792682763142
13.515325,483.09856,3.118395,143.9970991403188
4.1205931,15.8914,0.46,374.92153814138663
13.145216,113.90002,4.074,125.98208556701348
13.791378,305.11488,0.0807,895.1226335002679
5.8252587,28.60452,0.25,508.5683178911541
14.059257,197.05336,0.0498,1139.4745626510955
13.330753,116.64288,0.07,961.1037813045959
3.3532856,11.200259,0.439,383.78415978243254
8.1750994,50.85248,0.26,498.69226479270253
13.528384,472.61024,2.01,179.35821669455373
12.542617,2637.9724,0.95,260.8900423563425
12.64257,2202.5481,2.61,157.3979429615538
12.433139,3219.5977,3.34,139.13810126902104
2.44378,12.598702,0.0907,844.3366915094364
4.34948,15.198535,0.1536,648.8192073848315
13.804159,298.75832,2.015,179.1355496730195
12.462001,3054.3271,4.59,118.68968115176816
12.388146,3496.108,650.0,9.973845295854051
12.68839,2028.6961,2.14,173.82507252049908
9.5951891,66.743881,0.269,490.2788581015261
10.906054,82.953109,0.102,796.1945858493874
13.028326,1112.398,2.0,179.80605313873542
13.243024,767.2368,1.32,221.32595167956075
13.555855,451.31576,1.04,249.34613239635127
13.772717,314.64972,2.659,155.9409362188619
13.858291,273.33208,0.33,442.6519033591215
4.3116779,17.162712,0.079,904.7024372033966
5.2730951,24.154928,0.196,574.3693679773597
11.126015,85.813561,0.0615,1025.3726944139617
12.383705,3524.7126,2.14,173.82507252049908
12.625974,2269.2919,1.97,181.1699618352909
12.897801,1398.4432,2.5,160.8234230336607
12.883796,1433.4043,1.82,188.48795905615182
13.150703,899.45325,0.92,265.10956203266534
13.180399,114.41808,1.24,228.353915840224
13.810658,295.58004,2.44,162.78875163876143
12.695699,2002.3164,1.6,201.02927879207593
13.687489,362.32392,1.73,193.32866604823028
13.115594,113.4646,5.34,110.03951749365253
13.883649,262.2081,2.067,176.8679196512766
12.403738,3397.5814,0.36,423.80693157596176
13.709017,349.6108,1.16,236.0969144423307
14.068305,194.19291,4.9155417,114.69212875224487
12.844995,1535.1093,2.9,149.3207996351335
14.188786,129.67383,0.774,289.0339283631562
13.564318,444.9592,1.65,197.95994925613263
13.622607,403.64156,1.7229545,193.72354225814865
13.375275,612.13673,3.787,130.6687249603841
12.758665,1789.3717,1.09,243.56005135342687
8.5891438,55.302073,0.18,599.3535104624514
13.158943,886.74013,0.07,961.1037813045959
2.63435,24.501361,0.13,705.2573643203947
14.057264,197.68902,3.16,143.04601531340933
5.3866696,25.044847,0.229,531.3755466475027
12.674831,2078.5951,1.93,183.03774277491092
12.885055,1430.226,4.3,122.62671044314473
13.51925,479.92028,0.33,442.6519033591215
13.120853,947.12745,0.297,466.5960750745207
2.4020004,6.3565601,0.08,899.0302656936772
13.098082,985.26681,1.372,217.09121548020568
4.3585296,17.48054,0.0524,1110.845506076954
12.615191,2313.7879,4.06,126.19910913109742
13.364981,622.94289,0.54,346.0369106052435
10.303699,75.325237,1.837,187.61377747794126
13.239175,772.32205,0.84,277.44676342768787
13.411231,575.90434,2.8145,151.5718946825277
14.229711,130.30948,2.37,165.17531089540043
13.42541,562.23774,1.084,244.23318036990247
12.982924,1204.2503,1.74,192.77232340974888
13.837399,282.86692,0.87,272.6212342162393
13.484857,508.5248,2.9,149.3207996351335
13.68223,365.5022,0.0925,836.0811643689475
13.415153,572.09041,2.01,179.35821669455373
12.090441,6076.8714,3.17,142.8202124649593
13.060361,1052.0107,4.1,125.58199487484747
12.39063,3480.2166,1.25,227.4386660014686
12.784189,1709.9147,1.98,180.71188281693642
13.527184,473.56372,2.62,157.09727803952327
13.555855,451.31576,1.44,211.90346578798088
14.302258,133.48776,4.49,120.00411415614373
13.222642,794.57001,6.15,102.53726944139618
3.1564286,10.10693,0.0444,1206.779213281969
5.9087129,29.303742,2.3928,164.38648373842187
13.48116,511.70308,0.81,282.53795438397447
13.887363,260.61896,5.8,105.58574999420065
2.0355597,4.7992028,0.0934,832.0431850477252
3.2832766,10.806152,0.1666,622.9910497617042
2.8664188,8.5813561,0.4128,395.7760061220822
13.313413,680.15193,1.29,223.8847182078823
11.912724,8508.2556,12.4,72.21184866735106
9.3233728,63.565601,0.89,269.54066940151193
13.854756,274.92122,0.154,647.9760371684606
12.810983,1630.4577,2.03,178.47249169260027
13.297224,699.22161,5.15,112.0509882989384
12.453511,3102.0013,2.36,165.524888663997
11.50146,131.89862,0.1097,767.7432240492054
12.576953,2479.0584,3.4,137.9049475402399
14.257515,143.34043,0.415,394.72556728880465
13.594966,422.71124,0.689,306.34422306502097
13.666736,375.03704,2.09,175.89203067467554
14.020635,209.76648,5.0,113.7193330007343
12.457456,3079.7533,1.5,207.6221463631461
13.632125,397.285,1.02,251.77883519785323
12.792619,1684.4884,6.8,97.51352356487874
12.892667,1411.1563,2.93,148.5543918391377
13.103687,975.73197,2.78,152.50950376172398
13.459474,530.77276,1.06,246.98260860524644
13.651647,384.57188,0.0379,1306.1699886811766
13.023109,1122.5685,1.988,180.34791088084233
12.72112,1913.3246,0.45,379.064443335781
13.289303,708.75645,0.76,291.6839346807906
13.276343,724.64785,4.6,118.5606004380474
2.4203436,6.4391953,0.0634,1009.891407244762
2.2270398,5.5905946,0.1117,760.8389181432036
13.318914,673.79537,0.2388,520.3578908313973
12.673128,2084.9517,1.922,183.41827903344242
5.8187752,28.55049,0.323,447.42273141881947
13.651647,384.57188,1.32,221.32595167956075
13.697615,356.28519,1.7,195.02704712975748
12.809885,1633.6359,0.522,351.9524999806689
13.271242,731.00441,1.36,218.04686741659648
13.865424,270.1538,2.45,162.456190001049
13.641803,390.92844,0.993,255.17885339739252
12.807696,1639.9925,6.15,102.53726944139618
11.792663,10710.804,0.974,257.65574323749195
13.60862,413.1764,1.04,249.34613239635127
8.2954,120.77464,0.044475466,1205.7549467215204
13.594966,422.71124,0.053,1104.539804203111
13.167307,874.02701,1.262,226.3547583264031
13.175798,861.31389,6.7,98.23854115750676
13.186381,845.74032,4.187,124.27043698001197
13.392966,594.02054,1.66,197.36278364440233
1.63666,7.5102757,0.0522,1112.9715281292808
2.38773,8.1109706,0.1268,714.1010623247965
13.126696,937.59261,1.28,224.7575664234193
13.887363,260.61896,4.21,123.93051601858078
12.785235,1706.7364,0.6,328.27943760019326
13.234401,778.67861,1.29,223.8847182078823
13.204329,819.99625,5.36,109.83402801929799
13.199843,826.35281,2.0,179.80605313873542
13.772717,314.64972,0.63,320.36792710153196
13.887363,260.61896,1.02,251.77883519785323
12.446816,3140.1407,0.49,363.2630842079672
12.523037,2733.3208,4.9999146,113.7203041762789
13.950232,235.19272,1.88,185.45578341322934
1.863713,4.131764,0.05,1137.193330007343
12.40476,3391.2248,1.12,240.27594532614899
13.511426,486.27684,1.5,207.6221463631461
12.257389,4449.592,2.1,175.47274037467974
13.692797,359.14564,0.11,766.6955866850669
13.383276,603.87321,0.8,284.2983325018358
13.292458,704.94251,2.32,166.94572921939215
13.927453,244.09191,1.032,250.31072451810485
13.808049,296.85135,1.492,208.1780299453248
13.009015,1150.5374,3.584,134.318336776823
13.45735,532.67973,1.497,207.83008046269413
13.41058,576.54,5.235,111.13758692038896
3.238126,10.555068,0.09094,843.2218098283871
14.166213,165.87443,0.921,264.96559810022853
10.881423,82.635281,0.36,423.80693157596176
12.814289,1620.9228,2.12,174.64307737991268
12.449039,3127.4275,0.08,899.0302656936772
13.915135,249.05002,0.362,422.63457267289004
13.296959,699.53943,2.39,164.4827488896155
5.0068345,22.120829,0.14,679.6030011845124
14.268747,140.79781,0.87,272.6212342162393
4.1583343,16.139306,0.23,530.2191240653307
13.353717,634.99492,1.331,220.40948417489787
12.069198,98.526681,2.1,175.47274037467974
3.644393,12.900639,0.3351,439.27055419992223
13.13857,918.52293,1.13,239.21041481947594
12.684295,2043.6341,0.94,262.2740841235162
13.023434,1121.9329,5.42,109.22439873361384
13.448934,540.3076,1.32,221.32595167956075
12.587052,2434.2447,0.2931,469.69008957811747
12.147086,5464.4169,2.8373,150.96166491301344
11.126015,85.813561,0.07,961.1037813045959
12.511002,2793.7081,1.36,218.04686741659648
13.140574,915.34465,0.81,282.53795438397447
12.946334,1284.0251,3.6,134.01951919471728
14.020635,209.76648,2.24,169.9007502961281
12.433139,3219.5977,1.31,222.16910121539084
13.195394,832.70937,1.32,221.32595167956075
13.173663,864.49217,2.57,158.61810031436616
12.331,1115.5763,0.16815129,620.1106700916838
13.177942,858.13561,1.16,236.0969144423307
12.499848,2850.9172,2.4,164.13971880009663
14.081624,190.06115,0.975,257.5235781899462
2.9438539,8.9786411,0.16480138,626.3814443694273
13.851243,276.51036,1.42,213.39052589728053
2.2618988,5.7399737,0.06296,1013.4141087549992
2.9823468,9.1788727,0.11878,737.8152805426425
3.9984601,15.100008,0.246,512.6863472069809
13.452425,537.12932,1.14,238.15893537841177
7.8701701,47.6742,0.5137,354.7844061819574
12.560882,2552.1589,0.34,436.09373483319297
5.4747472,25.744068,0.1214,729.8102565951386
13.819878,291.13045,0.0443,1208.1404987833328
13.298822,697.31464,0.843,276.95264591455725
13.083405,1010.693,3.87,129.25990232476434
12.063087,6397.8777,1.46,210.44706732166009
3.5267191,12.201417,0.3357,438.8778222893097
13.454179,535.54018,1.4,214.90933884291684
12.537983,2660.2204,7.52,92.72789170661467
13.21341,807.28313,1.592,201.5337445257619
2.4020004,6.3565601,0.08,899.0302656936772
14.039631,203.40992,1.76,191.67389667126673
14.144978,171.62712,3.0,146.8110276178865
14.024252,127.1312,1.85,186.95343182361415
12.959174,1255.4206,1.49,208.31769989055402
13.016979,1134.646,4.35,121.91992236348057
13.760603,321.00628,0.077,916.3764998564096
13.87556,265.70421,2.1,175.47274037467974
14.164901,166.22405,0.0426,1232.0107756931072
13.35605,632.47773,4.89,114.9912715551802
13.044953,1080.6152,1.82,188.48795905615182
13.523204,476.742,1.203,231.83899860111686
12.6673,359.14564,0.030768152,1449.6681580143063
13.507553,489.45512,3.97,127.62156104669319
4.5877261,19.06968,0.1304,704.1748504600224
13.35753,630.88859,2.231,170.24310075022782
13.098082,985.26681,5.5,108.42712969016186
12.528188,2707.8946,2.8,151.963850836144
14.122361,177.98368,0.15,656.5588752003865
4.2739391,16.90845,0.32,449.5151328468386
5.2730951,24.154928,1.18,234.08754245892112
13.325588,666.16749,1.063,246.63384503949317
12.954861,1264.9555,0.14,679.6030011845124
13.083405,1010.693,2.51,160.5027379228804
12.644982,2193.0132,5.02,113.492574384276
13.204329,819.99625,2.37,165.17531089540043
13.910156,251.08412,2.07,176.73970802177686
13.577252,435.42436,1.305,222.5943056258562
3.4344304,11.664288,0.0974,814.7790008540007
3.8928914,14.429391,0.1964,573.7841723409769
13.485227,508.20698,1.565,203.2647803249476
13.649665,385.8432,1.96,181.6315421039836
12.125567,5689.1213,2.41,163.79882597355555
13.354281,634.38469,1.566,203.19987060580092
13.394546,592.4314,2.342,166.15976165201448
17.31945,323.23108,0.05208,1114.2530156327891
11.968143,7656.4766,487.1,11.521532285304454
12.576953,2479.0584,2.73,153.89977411539317
12.696587,1999.1381,2.2,171.43834498768925
13.034916,1099.6849,3.07,145.12763504234314
4.3725166,17.575889,0.2099,555.0256915653255
10.123345,73.100441,2.55,159.23891716987748
13.577252,435.42436,0.896,268.636673553646
6.4714828,34.198293,0.461,374.5146779692963
13.342628,647.09781,1.74,192.77232340974888
1.2124928,1.9387508,0.0529,1105.5832997633784
2.167572,5.3395104,0.1004,802.513689614402
3.2490251,10.615455,0.1647,626.5741971978802
3.8319523,14.047998,0.3374,437.7707765348954
13.528064,472.8645,1.3649,217.65512066121315
14.122361,177.98368,0.586,332.177718508452
13.958585,232.01444,2.112,174.97352815294525
1.4510893,2.701538,0.1207,731.92346548399
1.3585186,2.4154928,0.2036,563.5473593071138
2.0276086,4.76742,0.3499,429.8800935149227
2.0284047,4.7705983,0.509,356.41864495675367
14.168487,165.27056,0.524,351.280192776559
12.445709,3146.4972,2.1,175.47274037467974
13.632125,397.285,0.95,260.8900423563425
13.564318,444.9592,1.05,248.15592926464504
15.5819,232.01444,0.04855456,1153.9959760905324
14.216262,153.09775,1.487,208.52773291304217
13.613245,409.99812,1.13,239.21041481947594
13.412535,574.63303,1.148,237.32766256159601
14.01136,212.94476,2.656,156.02898041683466
3.6607614,12.999165,0.143,672.4365126694456
14.180596,162.09228,0.03,1468.110276178865
13.248847,759.60893,1.19,233.10190632349327
12.763674,1773.4803,1.89,184.9645089517919
9.5234156,65.898458,0.362,422.63457267289004
12.058624,6451.9085,3.23,141.48749082172498
1.1909283,1.8179762,0.057638,1059.1680082080268
1.1725576,1.7194495,0.067393,979.5168498305562
1.4820307,2.8000647,0.08799,857.2404331650355
1.505679,2.8763434,0.15417,647.6186838905032
2.4020004,6.3565601,0.05,1137.193330007343
12.521925,104.88324,1.282,224.58218007878267
13.627346,400.46328,2.56,158.92759934098567
13.291141,706.53165,2.497,160.9200040190653
13.737106,333.7194,0.61,325.57750327752285
14.111367,181.16196,0.46,374.92153814138663
2.7970481,8.2317453,0.1455,666.6345361191547
4.344511,17.385192,0.2586,500.0403444305616
13.60862,413.1764,0.08,899.0302656936772
13.199843,826.35281,5.32,110.2461646568829
0.8968,3.699518,0.0695,964.5547934181303
12.297422,4131.764,2.38,164.82793866885345
12.025735,6865.0849,4.56,119.07946768920588
9.3233728,63.565601,0.69,306.12215400860623
12.419283,3302.233,6.22,101.95865870692411
1.60303,4.7388155,0.03876,1291.5981721310652
1.51335,4.3606002,0.0653,995.090809731422
1.61424,16.171089,0.237,522.3301956558915
1.31157,7.3005092,0.1463,664.8093868047657
3.2832766,10.806152,0.3753,415.0782946014393
12.74405,108.06152,3.11,144.19131794470172
13.766628,317.828,3.2,142.1491662509179
4.7082,16.600157,0.06356,1008.6195032044965
4.8526363,20.976648,0.0507,1129.3155970606651
12.234777,4640.2888,5.79,105.67689006295629
12.164573,5288.658,1.6,201.02927879207593
13.69923,355.33171,3.396,137.98613974482473
13.54339,460.8506,4.94,114.40785190299037
13.083405,1010.693,0.74,295.59933047381367
13.099943,982.08853,1.25,227.4386660014686
9.37156,60.387321,0.1228,725.6381752117157
12.45689,3082.9316,18.5,59.11986609476273
13.48116,511.70308,2.306,167.45173605395854
13.499887,495.81168,1.83,187.97225915936406
13.318914,673.79537,5.14,112.15993435121636
12.537983,2660.2204,1.34,219.66805603859598
12.725789,1897.4332,2.28,168.40379820624372
13.984382,222.4796,0.191,581.8387242167861
12.271051,4338.3522,1.167,235.3877609841486
13.197614,829.53109,1.6,201.02927879207593
13.512592,485.32336,2.37,165.17531089540043
13.692797,359.14564,0.567,337.69744630254223
12.671855,2089.7191,0.747,294.21106697164487
4.4226141,17.919143,0.121,731.0155592439124
4.3140287,17.178604,0.17,616.7296742670377
12.496181,2869.9869,2.77,152.78454366732123
12.722982,1906.968,5.7,106.50791379102166
12.802263,1655.8839,1.16,236.0969144423307
12.189282,5050.287,1.92,183.51378452235812
12.972323,1226.8161,4.92,114.64015234908688
12.302021,4096.803,1.29,223.8847182078823
3.4580748,11.800954,0.034,1379.049475402399
12.88758,1423.8695,6.19,102.20543274769545
13.820541,290.81262,2.971,147.52580054990187
14.302258,133.48776,0.04,1271.4207947278853
16.1424,371.85876,0.0568,1066.9526294864027
2.8444746,8.4701163,0.21892805,543.4612727243581
13.499887,495.81168,1.271,225.5519211862188
13.525589,474.83504,3.242,141.22539583133516
14.015979,211.35562,0.125,719.2242125549417
8.2351351,51.488136,0.198,571.4611499589641
12.780541,1721.0386,5.448,108.9433577270883
12.732395,1875.1852,1.02,251.77883519785323
13.677019,368.68048,2.15,173.4203570178937
13.778872,311.47144,0.06,1038.1107318157306
2.8034041,8.2635281,0.066,989.799746280663
13.506782,490.09078,1.18,234.08754245892112
13.246413,762.78721,2.28,168.40379820624372
13.239175,772.32205,3.43,137.30054018637085
13.577252,435.42436,1.23,229.28030469817375
12.521629,2740.313,3.704,132.12463997619426
12.591335,2415.4928,9.89,80.85765838296886
13.646704,387.75016,2.34,166.23075493090084
14.231651,149.37916,2.69,155.03978802273187
13.504858,491.67992,1.85,186.95343182361415
14.059257,197.05336,1.26,226.5343337281708
3.2202885,10.456541,0.1254,718.0762082915364
3.8472502,14.143346,0.2663,492.7580440883153
3.4619133,11.823202,0.8098,282.57284207372703
1.70392,3.5484667,0.0186,1864.501915250006
2.85855,8.541399,0.1841,592.6419800489559
2.5209198,6.9000459,0.07757,913.0034322936077
13.10935,966.19713,0.59,331.049777327994
13.984382,222.4796,3.41,137.7025924091668
14.218473,152.55744,0.04,1271.4207947278853
13.570748,440.19178,1.07,245.82577503897664
12.725789,1897.4332,1.9439869,182.37807982852058
12.499561,104.56541,0.1508,654.8150238466599
12.491937,2892.2348,1.1,242.45043259238764
13.350175,638.83429,1.6,201.02927879207593
13.431791,556.19901,2.24,169.9007502961281
13.887363,260.61896,2.07,176.73970802177686
8.4134388,53.395104,0.7181,300.0729463619878
6.0880041,30.829316,0.4817,366.37934572710196
4.259727,16.813101,0.2687,490.55247668376035
6.8669448,37.821532,1.543,204.7087200676051
13.606892,120.77464,6.36,100.83022773739725
12.987313,1195.0333,0.389,407.70356150442444
10.071404,72.464785,0.295,468.17508491784224
14.006778,214.5339,0.53364,348.09286236076616
14.02816,207.22386,1.71,194.45595645386044
13.987908,221.20829,2.807,151.77425144748273
13.180094,854.95733,0.277,483.1471492581901
13.081598,1013.8713,3.74,131.48720835149473
14.024252,127.1312,1.02,251.77883519785323
13.904757,253.30892,0.1294,706.8905367836504
12.297839,4128.5858,3.64,133.28111402061728
12.457004,3082.296,1.623,199.59977436477524
12.439113,3184.6366,3.1,144.42369733470213
2.8501287,8.4987208,0.041,1255.8199487484746
1.82972,4.0046328,0.0468,1175.4289405339912
2.4581349,6.6108225,0.0799,899.5926869346074
3.0439444,9.5030573,0.1321,699.629151741937
2.1370242,5.2123792,0.247,511.6474680296303
2.5610495,7.0875645,0.6,328.27943760019326
13.177942,858.13561,1.4,214.90933884291684
12.864048,1484.2568,0.85,275.8098950804798
13.21341,807.28313,1.694181,195.36168952623237
12.111747,5838.5004,0.017420488,1926.5893160093613
13.499887,495.81168,1.28,224.7575664234193
13.484857,508.5248,1.67,196.7709898574907
13.289303,708.75645,1.17,235.08578810679825
13.30526,689.68677,6.95,96.45547934181303
13.894862,257.44068,1.662,197.24399772714497
3.888344,14.400787,0.554,341.63662555141525
4.1205931,15.8914,0.12,734.0551380894325
13.374969,612.45456,1.157,236.40280562798085
14.079556,190.6968,0.92,265.10956203266534
13.211125,810.46141,0.238,521.2317082241191
14.100574,184.34024,1.19,233.10190632349327
3.5272601,12.204595,0.0644,1002.0199590338339
2.9099598,8.8038357,0.11,766.6955866850669
13.418441,568.91213,1.92,183.51378452235812
8.9671516,59.497402,0.6813,308.070498589794
14.0226,209.09904,0.8972,268.45696341631594
14.283089,137.61953,0.237,522.3301956558915
10.019274,71.829129,0.0398,1274.6113161677963
5.0237627,22.24796,0.05,1137.193330007343
12.976809,111.43368,2.395,164.31096529299393
13.253747,753.25237,1.19,233.10190632349327
13.253747,753.25237,4.6,118.5606004380474
13.431791,556.19901,1.214,230.78626705925595
13.395811,591.16009,1.853,186.802032069946
12.612149,2326.501,1.93,183.03774277491092
13.513371,484.6877,1.814,188.79942381123698
13.479321,513.29222,1.167,235.3877609841486
6.1982112,31.7828,0.06,1038.1107318157306
13.471661,519.96661,3.833,129.8822777608731
13.130626,931.23605,9.02,84.66736367248174
12.830676,1574.5199,2.353,165.7709179367703
3.6237276,12.776686,0.1059,781.3962557530022
3.8726528,14.30226,0.3809,412.0157515164464
13.651647,384.57188,0.52,352.62868216019734
13.501411,494.54037,1.57,202.94085218234522
13.735382,334.67289,1.93,183.03774277491092
12.970846,1229.9944,3.18,142.595475563395
12.743913,1837.0459,0.53,349.28615475982537
13.455586,534.26887,1.911,183.9454129928187
12.521925,104.88324,1.2,232.1286164512027
12.589153,2425.0277,0.64,317.85519868197133
12.643373,2199.3698,1.086,244.00818430153552
13.731379,336.89768,0.77,289.78369337992166
13.22032,797.74829,1.6,201.02927879207593
13.271242,731.00441,1.64,198.56256845605506
10.632932,79.457001,0.04,1271.4207947278853
14.156616,168.44884,0.94,262.2740841235162
4.4050326,17.798368,0.246,512.6863472069809
14.20558,155.73572,0.14,679.6030011845124
13.610928,411.58726,1.301,222.93623256415654
13.34436,645.19085,5.75,106.04382481306614
12.722982,1906.968,1.2,232.1286164512027
13.079078,1018.3209,3.467,136.56593582798058
13.105568,972.55369,1.08,244.68504602981082
12.842659,1541.4658,3.86,129.42722912921852
13.455938,533.95104,3.55,134.96001858731046
13.103687,975.73197,2.18,172.2229639381519
13.361988,626.12117,0.07,961.1037813045959
3.1739337,10.202279,0.0785,907.5790817829209
3.4564288,11.791419,0.186,589.6072753936252
4.4511957,18.116196,0.63,320.36792710153196
12.713733,1938.7508,1.76,191.67389667126673
13.355165,633.43121,3.318,139.5986167793532
11.126015,85.813561,1.36,218.04686741659648
13.425744,561.91991,1.88,185.45578341322934
12.973804,1223.6378,4.75,116.67357387231625
12.776919,1732.1626,0.228,532.5395689551083
13.098639,984.31333,2.187,171.9471232971872
13.101812,978.91025,0.65,315.4006816505474
13.284082,715.11301,1.03,250.55362678245984
13.702474,353.42474,2.99,147.056326080704
13.415153,572.09041,0.292,470.5739481967065
12.558821,2561.6937,3.85,129.5952074336921
14.183048,161.45663,2.38,164.82793866885345
14.20558,155.73572,0.05,1137.193330007343
13.766628,317.828,1.032,250.31072451810485
12.757668,1792.5499,8.4,87.73637018733987
13.175798,861.31389,1.191,233.00402603098823
9.5951891,66.743881,0.05,1137.193330007343
12.962069,1249.0641,1.149,237.22436433578346
4.5877261,19.06968,0.06,1038.1107318157306
2.4020004,6.3565601,0.06,1038.1107318157306
2.7219203,7.8598865,0.1134,755.1144457605693
2.4203436,6.4391953,0.1551,645.674161200051
13.590486,425.88952,2.98,147.30285823379486
11.9947,1392.0867,0.47470924,369.0672113560287
12.615953,2310.6096,1.94,182.56538652222676
13.177942,858.13561,0.81,282.53795438397447
13.263677,740.53925,1.58,202.29761489965296
13.455586,534.26887,1.18306,233.7846112192496
13.365281,622.62506,0.74345,294.9126645472346
9.5830736,66.600858,0.533,348.30178599716805
12.74405,108.06152,0.04,1271.4207947278853
14.00223,216.12304,2.45,162.456190001049
6.1616287,31.464972,1.373,217.0121438274351
1.5968584,3.17828,0.26,498.69226479270253
13.34436,645.19085,0.76,291.6839346807906
13.531193,470.38544,0.0346,1367.040107604531
13.817228,292.40176,2.84,150.88988790293067
12.636979,2224.796,2.86,150.36137528817787
12.249742,4513.1576,3.02,146.32409086149667
13.012187,1144.1808,2.72,154.18241856675942
12.323017,3941.0672,0.117,743.4065359532053
13.507553,489.45512,3.58,134.3933540051102
11.474158,90.422067,0.0479,1161.8539778198347
13.321685,670.61709,3.27,140.61946121274008
7.3986,34.96108,0.1066,778.8264701742522
12.539303,2653.8638,0.917,265.5428658827437
4.4511957,18.116196,0.25,508.5683178911541
13.703559,352.78908,2.2,171.43834498768925
12.987313,1195.0333,0.97,258.1864456396193
13.001165,1166.4288,10.5,78.47379513519115
12.15691,5364.9367,9.62,81.98450330893539
13.39483,117.59636,0.477,368.1799347343704
13.984382,222.4796,0.189,584.9091345822658
13.408631,578.44697,0.654,314.43467423108183
13.627346,400.46328,2.74,153.61867840290546
12.825459,1589.14,55.7,34.07153565694701
13.627346,400.46328,1.36,218.04686741659648
13.036576,1096.5066,3.33,139.34686072815794
12.40681,3378.5117,1.28,224.7575664234193
12.990362,1188.6767,5.15,112.0509882989384
13.622607,403.64156,1.11,241.3558426563938
12.04166,6661.6749,1.42,213.39052589728053
13.969625,227.88268,1.332,220.32673234762413
2.3541,9.5348401,0.084368014,875.4480766041454
13.363782,624.2142,1.26,226.5343337281708
12.653927,2158.0521,6.57,99.20569892264514
13.263677,740.53925,1.864,186.25003023109397
14.273013,139.84432,1.11,241.3558426563938
5.0237627,22.24796,0.12,734.0551380894325
13.641803,390.92844,1.98,180.71188281693642
12.752715,1808.4413,2.6140534,157.2758635242356
12.549308,2606.1896,0.81,282.53795438397447
13.359012,629.29945,0.72,299.6767552312257
13.499887,495.81168,1.134,238.78815426990758
13.182254,851.77905,0.706,302.63346853202086
2.4662,12.71312,0.079619051,901.178470090155
13.180399,114.41808,0.25,508.5683178911541
12.96644,1239.5292,0.0696,963.8616170487444
13.604033,416.35468,0.549,343.1888217559693
14.089972,187.51852,1.94,182.56538652222676
3.6109693,12.700407,0.217,545.8702665315482
0.0,0.0,0.128569,709.1713349962421
0.0,0.0,0.2065397,559.5224736503422
0.0,0.0,2.2156187,170.8330107516303
0.0,0.0,2.1756602,172.39464535994955
13.791378,305.11488,0.89,269.54066940151193
12.218803,4780.1332,7.7,91.63764998564096
2.8739157,8.6194954,0.063,1013.0923389076265
3.5671391,12.439788,0.099,808.1681086412922
2.4020004,6.3565601,0.07,961.1037813045959
14.209667,129.99801,0.178,602.7112594825784
14.160507,167.40001,1.01,253.02219503211725
12.487126,2917.6611,0.565,338.2946128985969
14.29039,136.03039,0.177,604.4114356653487
13.914824,249.17715,0.316,452.3512186016983
16.815,2860.452,92.0,26.510956203266534
12.722982,1906.968,2.81,151.693211528144
12.383214,3527.8908,4.91,114.75683446819538
13.572908,438.60264,0.46,374.92153814138663
12.724853,1900.6115,3.82,130.10309392904867
12.498012,2860.452,20.25,56.50759087679489
4.5493331,18.799526,0.335,439.33611207719196
13.246413,762.78721,2.1,175.47274037467974
11.992551,7310.0441,740.0,9.347671591180708
12.053424,6515.4741,345.0,13.690198915638065
13.324471,667.43881,0.36,423.80693157596176
12.771786,1748.054,2.8,151.963850836144
13.714527,346.43252,0.06,1038.1107318157306
12.066526,6356.5601,2.55,159.23891716987748
11.78171,6991.8029,773.0,9.145965502966225
12.4431,9534.8401,20.3,56.43795734340964
13.278911,721.46957,0.92,265.10956203266534
2.08506,4.999023,0.048,1160.6430822560135
1.93933,4.4203935,0.0674,979.465983391491
2.16353,5.3226161,0.1027,793.476527635853
13.452,2224.796,68.0,30.836483713351885
13.452,3178.28,38.0,41.25033763519221
13.452,3178.28,24.0,51.905536590786525
13.1157,3178.28,16.4,62.790997437423734
12.695699,2002.3164,2.038,178.12185777495947
3.84503,26.999489,0.13694401,687.1440425145273
3.5872,12.558796,0.0296,1477.9966523690682
1.99538,4.6394796,0.1088855,770.609362313165
1.30036,2.2425611,0.082772531,883.8451606200168
1.96175,4.5075054,0.023,1676.7000910258416
3.37421,11.319175,0.0796,901.2863050393593
15.98546,1000.0,0.0475,1166.7357387231625
5.33596,24.645874,0.0581,1054.9484532819217
7.55554,44.483696,0.2257,535.246118282314
2.55588,7.063293,0.1027,793.476527635853
1.9057,8.6004258,0.0621,1020.4071800286874
12.14043,99.515976,0.0642,1003.5795241161638
10.67192,79.952271,0.0954,823.2753620174881
12.06196,98.426376,0.143,672.4365126694456
0.69502,0.26380241,0.048,1160.6430822560135
2.02901,4.773015,0.0189,1849.6450895179191
2.06264,4.9081044,0.0492,1146.4015234908686
2.54467,7.010777,0.245,513.7315803963869
2.53346,6.9584217,0.0698,962.4797358835799
2.33168,6.0438495,0.0802,897.9085805835302
2.00659,4.6838183,0.078,910.4833422676752
7.49949,43.924877,0.0525,1109.7870537107515
1.21068,1.9283813,0.0285,1506.2493618332724
2.75766,8.0359058,0.1649,626.1941096911428
2.90339,8.7701168,0.049,1148.7387359547195
2.17474,5.369523,0.121,731.0155592439124
1.97296,4.5513229,0.0656,992.8128422802752
8.37387,52.969452,0.0411,1254.291256826082
1.42367,2.6154425,0.056,1074.546694214584
1.04253,1.1283145,0.057,1065.0791379102166
1.89449,4.2482729,0.2114,553.0530789101988
1.25552,2.1128564,0.032,1421.4916625091787
1.70392,3.5484667,0.0095,2608.900423563425
14.573,155.73572,0.087981497,857.2818563025446
1.3452,2.3754251,0.03194,1422.8261879126358
1.60303,3.1991632,0.04341,1220.4624246888513
2.00659,4.6838183,0.07487,929.3202259815064
1.72634,3.6281006,0.1346,693.1013998331448
0.98648,0.92556667,0.070645503,956.7028001338334
2.9146,8.8276834,0.11841416,738.9541400451991
1.44609,2.685755,0.15362597,648.7643646164531
0.88559,158.914,0.0058,3338.914584387843
1.5694,3.086051,0.0338,1383.1234856825802
2.52225,6.9062285,0.04454,1204.8811209953524
2.65677,7.5431552,0.05883,1048.3827867862826
3.29574,10.875888,0.07807,910.075066830224
2.81371,8.3151703,0.1043,787.3668965762761
9.11373,61.157993,0.1796,600.0205707807187
4.80909,20.658056,0.0627,1015.5131125833383
12.25253,101.08109,0.0687,970.1545780182529
1.51335,5.0788915,0.0074765787,2940.8159917744533
6.99504,7.3990359,0.068350353,972.6328310094879
2.05143,5.7717565,0.025857559,1581.3410458085268
2.18595,7.4943843,0.03409948,1377.0364235296463
1.37883,2.4771268,0.0159,2016.6045547479448
1.33399,2.3419147,0.0454,1193.41469034962
1.72634,3.6281006,0.0616,1024.5400733311292
1.63666,3.3139434,0.0774,914.0055346935166
1.63666,3.3139434,0.083,882.6332009149346
2.47741,6.6990733,0.091,842.9437787795051
1.99538,4.6394796,0.0727,943.08774296492
1.49093,2.8286707,0.0373,1316.633466867929
2.28684,5.8478451,0.1716,613.8477441319396
1.99538,4.6394796,0.0614,1026.2073487600726
1.99538,4.6394796,0.0405,1263.5481444526035
2.07385,4.9534779,0.0677,977.2934129157429
1.80481,3.9125102,0.0562,1072.6329853151599
2.60072,7.2749643,0.0946,826.7491131508798
1.9057,4.2910395,0.1937,577.7693450323935
1.15463,1.6270695,0.0149,2083.17699890554
1.05374,1.1724075,0.0097937989,2569.4709666634653
2.64556,7.4891982,0.0887,853.802645260401
1.27794,2.1773119,0.0622,1019.5865870692411
2.26442,5.7508411,0.1013,798.9407689724892
2.0178,4.7283306,0.0667,984.592195512518
2.54467,7.010777,0.1229,725.3429002553552
3.18364,10.255306,0.046542007,1178.6822741298272
6.12066,31.110601,0.086136269,866.4156289328569
1.43488,2.6505029,0.0795,901.8529736304201
2.4662,6.6476898,0.065176056,996.0365324584127
3.2509,10.625858,0.13859719,683.0336395593365
1.27794,2.1773119,0.032548317,1409.467406420189
1.55819,3.0487196,0.049245481,1145.8720177307655
2.64556,7.4891982,0.10732715,776.1836805678128
2.18595,5.4165988,0.0858,868.1118049835185
2.82492,8.3714933,0.091283067,841.6357879180007
1.86086,4.1210313,0.11832195,739.2420227711236
1.27794,2.1773119,0.06708697,981.7484341769995
2.23079,5.6065874,0.119,737.1329509094451
1.42367,2.6154425,0.074458463,931.8848952044656
1.80481,3.9125102,0.10340674,790.7603455765058
2.6904,7.7059808,0.059552444,1042.0043001690563
1.67029,3.4303813,0.11260838,757.7639680552137
3.20606,10.378222,0.18286359,594.6421432382523
1.60303,3.1991632,0.06100494,1029.5247787970573
2.60072,7.2749643,0.126,716.3644628097227
2.04022,4.8178725,0.090488158,845.3244528576986
1.49093,2.8286707,0.058479884,1051.5164099701212
2.11869,5.1366839,0.12200615,727.9950804481081
3.55357,12.359554,0.081661481,889.8374505787474
2.51104,6.8541965,0.054772665,1086.5191113579779
2.36531,8.921432,0.1429,672.671753716582
2.6499429,7.5102757,0.06,1038.1107318157306
2.30926,5.9455152,0.0753,926.6629894544697
2.83613,8.4279728,0.0706,957.0110567580799
2.75766,8.0359058,0.0529,1105.5832997633784
2.60072,7.2749643,0.011533251,2367.7913738802285
2.86976,8.5983448,0.0932,832.935456816234
2.85855,8.541399,0.1527,650.7284391941296
1.54698,3.011575,0.1229,725.3429002553552
1.31157,2.2754822,0.093880734,829.91013386342
3.17243,10.194074,0.23599082,523.4458383009764
1.30036,2.2425611,0.0164,1985.6256845605503
1.80481,3.9125102,0.0392,1284.3289509909673
3.17243,10.194074,0.072,947.6611083394527
2.37652,6.2425017,0.1106,764.6131140657092
1.3452,2.3754251,0.0289,1495.7891702681004
2.82492,8.3714933,0.0785,907.5790817829209
1.52456,2.9378483,0.0361,1338.337678660932
2.49983,6.8023267,0.068,975.1352356487873
7.74611,46.405327,0.074,934.7671591180709
4.86514,21.068495,0.0971,816.0367000860484
1.14342,1.5711567,0.0344,1371.0083020402749
1.35641,2.4091308,0.088261622,855.9203532981052
1.09858,1.3612778,0.14640115,664.5796854375659
1.58061,3.123569,0.038050816,1303.5788889705511
1.52456,2.9378483,0.049,1148.7387359547195
3.94592,14.764686,0.1184,738.9983261845341
3.64325,12.893769,0.2358487,523.6035260875378
3.12759,9.950654,0.1208,731.6204543074834
2.5783,7.1688075,0.17876143,601.4262726424818
3.59841,12.625501,0.27275464,486.8926652798531
2.55588,7.063293,0.0806,895.6777483650975
4.19254,16.365351,0.12029143,733.1654013247025
1.42367,2.6154425,0.040744132,1259.7569727070475
2.44378,6.5454121,0.06928583,966.0444147958445
1.87207,4.1632686,0.0385,1295.9520743369212
2.78008,8.1471405,0.0668,983.8549492874535
1.36762,2.4430315,0.037401905,1314.8385977444404
1.40125,2.5458987,0.020063799,1795.1995128541848
3.28453,10.813157,0.15510801,645.6574892151439
2.29805,5.8965974,0.043838816,1214.478687250659
1.36762,2.4430315,0.082240703,886.6983471040935
3.04912,9.5305061,0.072218234,946.2281714000133
1.99538,4.6394796,0.17170806,613.6545591799444
2.79129,8.2029943,0.12558364,717.5509975340484
2.60072,7.2749643,0.10316577,791.6833182881292
1.6815,3.4695604,0.049645366,1141.2477847067487
0.86317,0.57352358,0.028843498,1497.2535164215246
1.83844,4.0370889,0.076,922.3855904710771
2.48862,6.7506189,0.107,777.3693566993334
0.81833,0.47370976,0.013038418,2226.9314871305055
1.37883,2.4771268,0.014350352,2122.697111401811
2.52225,6.9062285,0.0785,907.5790817829209
1.51335,2.9012671,0.080921172,893.8985315788644
2.43257,6.4945178,0.0834,880.5140305080758
2.11869,5.1366839,0.080014293,898.9499649561425
1.74876,7.9997308,0.028,1519.6385083614398
3.57599,12.492237,0.11774151,741.0619336695956
2.56709,7.1159697,0.083994073,877.3946566940323
1.3452,2.3754251,0.048810682,1150.9643394660156
1.43488,2.6505029,0.069773795,962.6604585587781
2.5783,7.1688075,0.098226573,811.3435907066265
2.49983,444.9592,0.0088,2710.6782422540464
2.38773,6.2925768,0.1104,765.3053850215155
1.6815,3.4695604,0.03518154,1355.6946524518635
2.38773,6.2925768,0.1211,730.7136738049624
0.88559,0.62873346,0.0127,2256.4070368175953
1.5694,3.086051,0.0549,1085.2583442584096
1.55819,3.0487196,0.0516,1119.4235910394113
2.41015,6.3932195,0.0886,854.2843393157925
3.48631,11.96501,0.134,694.6513862634677
1.53577,2.9746177,0.0413,1251.2505462759725
1.67029,3.4303813,0.10970871,767.7127470879356
1.21068,1.9283813,0.0338,1383.1234856825802
1.14342,1.5711567,0.0131,2221.691012153908
2.02901,4.773015,0.0769,916.9721297534603
1.96175,4.5075054,0.0409,1257.3542436991072
2.49983,6.8023267,0.11317413,755.8675891070924
11.21,126.49555,0.10356,790.1749998725079
1.40125,2.5458987,0.03317,1396.1965809634348
1.33399,2.3419147,0.06687,983.3398612116854
2.64556,7.4891982,0.1527,650.7284391941296
18.40682,392.83541,0.0353,1353.4180158082845
14.573,273.33208,0.046,1185.6060043804741
1.09858,1.3612778,0.0441,1210.8769473598907
0.99769,0.96382171,0.0576,1059.5173289399045
1.09858,1.3612778,0.0685,971.5698297961972
5.40322,18.999758,0.15179586,652.6635252874189
7.49949,15.398767,0.24310762,515.7271797368471
1.99538,4.6394796,0.0513,1122.6919880416247
1.80481,3.9125102,0.1159,746.9260184615813
2.54467,7.010777,0.1567,642.3693453285775
2.54467,7.010777,0.0494,1144.0785190299036
2.17474,5.369523,0.1087,771.2666166938035
2.00659,4.6838183,0.1817,596.543121325498
1.74876,3.7084594,0.1418,675.2758068433185
4.33827,17.34281,0.0959,821.1263754181167
3.48631,11.96501,0.0602,1036.3848607438558
2.11869,5.1366839,0.0304,1458.4196734039533
2.18595,5.4165988,0.0615,1025.3726944139617
2.56709,7.1159697,0.0699,961.7910204208731
2.79129,8.2029943,0.1151,749.5172700209088
3.43026,11.640251,0.02976735,1473.8361987782473
2.44378,6.5454121,0.0459,1186.8968115176813
2.3541,6.1428456,0.0694,965.2494674681478
1.73755,3.6681895,0.1041,788.1228899300511
12.6673,106.95893,0.0506,1130.4309707617276
1.62545,3.2754986,0.0448,1201.379726630745
2.18595,5.4165988,0.0923,836.9865042815845
2.90339,8.7701168,0.0274,1536.1867840290545
2.63435,7.4354,0.0578,1057.6826655219731
0.82954,0.49738312,0.0216,1730.1845530262176
3.00428,9.2937756,0.149,658.7584085815598
2.32047,5.9945993,0.1271,713.2578015752387
2.66798,7.5972714,0.0962,819.8450330893538
17.39792,451.31576,0.0404,1265.1109751605863
9.5285,70.875645,0.102,796.1945858493874
2.41015,14.80125,0.2573,501.30197175900435
2.23079,5.6065874,0.05023,1134.5867745254748
2.66798,7.5972714,0.11283,757.0194045692874
1.71513,6.5409003,0.03376,1383.9426290683837
3.29574,11.267003,0.01306,2225.090694344769
0.70623,0.28922348,0.0679,975.853038643042
2.92581,8.8991841,0.1035,790.404002920316
2.73524,14.299082,0.1249,719.5120749689312
1.41246,2.5805743,0.0308,1448.918466899608
2.6904,7.7059808,0.0819,888.5407601374485
1.5694,3.086051,0.0531,1103.4992577599799
4.484,30.899238,0.06702,982.2388197050318
1.37883,2.4771268,0.0247,1617.9713580318148
2.94823,9.0013132,0.0497,1140.620339273051
7.27529,41.718746,0.077,916.3764998564096
2.9146,8.8276834,0.1081,773.4040802381055
4.41674,17.878754,0.0974,814.7790008540007
2.19716,5.4638433,0.1064,779.558106286906
2.242,5.6545043,0.04,1271.4207947278853
2.34289,6.0932651,0.075,928.5144658048108
3.76656,13.643414,0.1291,707.7113892414892
2.07385,4.9534779,0.0675,978.7401841192433
2.98186,9.1763296,0.0488,1151.090301846609
1.21068,1.9283813,0.067,982.3854115750676
2.32047,5.9945993,0.0214,1738.250725204991
7.66764,45.610023,0.1488,659.2009739042925
8.1833,50.939114,0.0773,914.5965502966226
2.82492,8.3714933,0.0499,1138.332231975313
3.51994,12.161625,0.0291,1490.640138911469
2.78008,8.1471405,0.04771,1164.165159036893
2.58951,9.681041,0.03817,1301.5421164194859
3.53115,15.678455,0.0824,885.8408427438036
2.47741,6.4995827,0.1178,740.8779349675137
1.95054,10.701269,0.18041,598.6720773031346
2.09627,5.0447392,0.1768,604.7532007114129
9.49487,100.11582,0.1206,732.2268534619866
1.9057,4.2910395,0.164,627.9099743742373
9.10252,61.030331,0.107,777.3693566993334
13.3399,232.01444,0.04217,1238.2761420235229
3.06033,10.901501,0.0923,836.9865042815845
11.27726,245.99887,0.305,460.4361207386436
1.59182,6.4900478,0.03261,1408.1337460462887
2.45499,6.5964694,0.10738518,775.9739308346825
1.65908,3.3913851,0.035958022,1340.9772469779305
10.05537,106.47238,0.0451,1197.3773399599877
2.17474,5.369523,0.0769,916.9721297534603
1.84965,4.0789714,0.1399,679.8458466456076
1.51335,2.9012671,0.2076,558.0917869250851
11.64719,184.02241,0.04839,1155.95650927989
11.8826,563.82688,0.022,1714.3834498768924
4.96603,21.815622,0.08035,897.0700665510598
2.73524,7.9252992,0.1399,679.8458466456076
3.27332,10.750574,0.1862,589.2905376456031
1.0089,1.0032039,0.04951,1142.8068707099462
5.0445,1175.9636,0.049792605,1139.5591746286134
13.95645,126.08944,0.0426,1232.0107756931072
1.92812,4.3771005,0.055,1084.2712969016186
1.32278,2.3086002,0.031,1444.2369733470211
1.43488,3.8997496,0.0223,1702.8126757073876
3.19485,7.7994992,0.054,1094.264792000644
1.61424,3.2372384,0.0511,1124.8868913842891
2.74645,7.9805236,0.0654,994.329745903272
2.73524,7.9252992,0.1103,765.65222636496
1.9057,19.06968,0.064681932,999.8337998313275
2.42136,9.9003423,0.0964,818.9941298677778
6.2776,28.60452,0.047156075,1170.982705806879
2.09627,5.0447392,0.078,910.4833422676752
2.15232,5.2758784,0.0617,1023.709477269726
4.50642,18.499443,0.03719204,1318.543025281698
2.42136,6.4437871,0.027432752,1535.269482407836
2.72403,7.8702326,0.0651,996.6181948356209
6.71479,36.409752,0.0224,1699.007502961281
2.05143,4.8629026,0.13821,683.9897166615903
1.89449,4.2482729,0.1779,602.8806317662315
2.242,5.6545043,0.1344,693.6169085692196
1.92812,4.3771005,0.0309,1446.572038692902
1.9057,4.2910395,0.0532,1102.4616465688289
2.26442,5.7508411,0.0818,889.0837120733216
1.59182,3.1612732,0.0705,957.6895474897159
18.00326,1000.0,0.054,1094.264792000644
2.60072,7.2749643,0.098,812.280950005245
1.15463,1.6270695,0.0671,981.6531077747716
3.82261,13.989899,0.03486,1361.9325968893852
2.09627,5.0447392,0.0746,931.0004527594663
2.67919,7.651547,0.0692,966.6433302411514
1.62545,3.2754986,0.035,1359.2060023690249
1.71513,3.5881927,0.1517,652.8697034185226
2.41015,6.3932195,0.1354,691.0507994816664
2.29805,5.8965974,0.0905,845.2691453457801
2.49983,6.8023267,0.1898,583.6751476917443
7.65643,135.39473,0.045,1198.7070209249027
2.47741,6.6990733,0.0392,1284.3289509909673
2.14111,5.2293105,0.0636,1008.3022773739724
2.14111,5.2293105,0.1148,750.4959654585145
3.21727,10.439906,0.1627,630.4135358046731
3.90108,14.48096,0.189,584.9091345822658
2.07385,4.9534779,0.0619,1022.0543274769545
1.58061,3.123569,0.1014,798.5467167813312
2.48862,21.300833,0.05983,1039.5845212288084
1.58061,3.123569,0.0708,955.6583902774149
2.32047,5.9945993,0.0591,1045.9852623467941
2.66798,7.5972714,0.1814,597.0362001709366
2.89218,8.7127047,0.1112,762.5475188086199
2.15232,5.2758784,0.0559,1075.507397754011
1.07616,1.2643012,0.04,1271.4207947278853
1.15463,1.6270695,0.078,910.4833422676752
1.0089,1.0032039,0.05,1137.193330007343
1.28915,2.2098374,0.106,781.0275856424813
2.45499,6.5964694,0.07619,921.2347658302101
2.30926,5.9455152,0.1402,679.1180899553194
2.66798,7.5972714,0.081,893.4634612981152
2.76887,8.091445,0.1429,672.671753716582
2.29805,603.87321,0.073859821,935.6537887487341
3.68809,13.164352,0.0987,809.3953957699612
3.57599,12.492237,0.0856,869.1253626024956
2.41015,6.3932195,0.0532,1102.4616465688289
2.00659,4.6838183,0.135,692.073821210487
1.46851,2.7568324,0.0596,1041.58849945277
2.55588,7.063293,0.17777092,603.0994687694126
1.97296,4.5513229,0.059,1046.8713152480318
1.24431,2.0809278,0.03014,1464.6966286652018
1.47972,2.7926567,0.07131,952.2348848825966
2.41015,6.3932195,0.0665,986.0716737256997
2.02901,4.773015,0.1768,604.7532007114129
1.0089,1.0032039,0.01263,2262.6513062210674
1.96175,4.5075054,0.077,916.3764998564096
7.60038,44.932835,0.094,829.3834770649174
1.2331,2.0491991,0.0345,1369.0198915638066
0.61655,0.17170972,0.01462,2103.030734167943
2.25321,5.702589,0.091,842.9437787795051
2.60072,7.2749643,0.096,820.698594000483
1.30036,2.2425611,0.035,1359.2060023690249
1.09858,1.3612778,0.0164,1985.6256845605503
3.87866,14.339947,0.0696,963.8616170487444
10.61587,79.240646,0.086,867.1017850894685
5.20144,23.600296,0.0974,814.7790008540007
11.72566,93.812698,0.1597,636.3072152679086
12.4431,8654.4565,0.02466,1619.2830496603287
15.68279,215.80521,0.0525,1109.7870537107515
15.1335,54.348589,0.062312852,1018.6629049945707
19.9538,301.9366,0.06708,981.7994375225882
19.53903,408.09116,0.03005,1466.8883781093443
19.5054,416.35468,0.055511047,1079.2687356902265
15.86215,874.02701,0.02044,1778.6023434203958
17.09525,416.35468,0.04881,1150.9723803893671
17.5997,375.03704,0.0455,1192.102524268002
21.4111,1293.56,0.0637,1007.5105204577067
15.1335,540.3076,0.058011114,1055.7563524070865
19.51661,1074.8943,0.0542,1092.2439873361384
17.77906,1242.7075,0.05224,1112.5453471723845
14.83083,298.12267,0.03302,1399.3642396844637
17.4876,616.58633,0.047519009,1166.5023510896788
19.04579,286.68086,0.04317,1223.850251954528
14.573,165.27056,0.086834733,862.9240424410133
12.994966,1179.1419,2.39,164.4827488896155
17.936,441.78092,0.046198476,1183.0564871773456
18.1602,209.76648,0.039969662,1271.903223719819
21.19811,915.34465,0.03462,1366.6451805104584
5.50411,25.978928,1.7671908,191.2835331633207
6.90536,38.181458,2.3413785,166.18181307168945
6.40091,33.567528,1.1590966,236.18890350050876
6.60269,35.383781,2.3387808,166.27407710343115
12.349938,3750.3704,2.0500211,177.59884635992276
4.10286,15.775464,0.19901946,569.9956406135399
2.39894,6.3428164,0.35318256,427.8777277773007
4.5961,19.128815,1.3398113,219.683524598522
13.065068,1043.4293,0.342,434.81673726057085
12.636979,2224.796,5.1,112.59891815962331
12.876306,1452.474,1.08,244.68504602981082
12.202964,4923.1558,0.83,279.11312533762066
6.4494934,34.00124,3.45,136.90198915638067
13.353106,635.65601,1.8,189.5322216678905
13.975657,225.65788,1.6,201.02927879207593
17.2634,1690.845,0.16319631,629.4542041072019
10.5374,460.8506,0.382,411.42210745061897
16.94952,2949.4439,0.03641,1332.6280994664226
3.77777,8.5813561,0.095203451,824.1247562184274
14.0533,198.96033,0.15525,645.3621659360264
1.9057,4.5989712,0.14728,662.5938768547697
1.9057,9.000889,0.112293,758.8273292459792
12.4431,103.76476,0.0477,1164.2871825327513
1.31157,2.2754822,0.074,934.7671591180709
1.18826,1.8034186,0.089,852.3624373552319
2.86976,8.5983448,0.32,449.5151328468386
2.65677,7.5431552,0.42,392.3689756759558
2.88097,8.655447,0.48,367.02756904471624
8.10483,50.112591,0.71,301.77977580586133
11.29968,88.100044,1.01,253.02219503211725
11.0979,613.40805,0.534,347.9755079058849
0.76228,0.4449592,0.006,3282.794376001932
0.86317,0.66743881,0.0076,2916.8393468079066
1.71513,10.488324,0.05119,1123.8975931011075
4.31585,15.573572,0.1013,798.9407689724892
11.26605,106.15455,0.1684,619.6525800929039
6.55785,34.96108,0.3046,460.73834336438426
11.5463,346.43252,0.0269,1550.397880227319
2.5406997,6.9922161,0.311,455.9729835267662
1.47972,4.608506,0.0172,1938.8985348714655
2.3541,17.162712,0.24092715,518.0556735494108
1.32278,7.3100441,0.072667402,943.2992499572797
2.19716,7.0494251,0.1099386,766.9096540739138
1.61424,3.0002963,0.21615833,546.9319796177379
4.76425,20.3321,0.53257833,348.43964304700444
3.15001,10.072062,0.11132296,762.1262726061988
1.71513,3.5881927,0.055596956,1078.4345646335635
1.78239,3.8303511,0.047188042,1170.5860041815904
6.2776,32.477028,0.061490202,1025.454383863276
1.50214,2.8648744,0.06813392,974.1764302259674
1.53577,2.9746177,0.13165103,700.8211103281164
1.43488,2.6505029,0.052777619,1106.8643735235867
1.27794,2.1773119,0.097919414,812.6151279159493
2.17474,5.369523,0.082882055,883.2609915968724
5.7171,50.85248,0.0474,1167.9658241873387
1.25552,3.17828,0.0684,972.2797822693022
2.32047,5.9945993,0.19630877,573.917483373811
2.86976,8.5983448,0.060878523,1030.5931517824563
1.28915,2.2098374,0.059994552,1038.1578652527662
2.15232,5.2758784,0.12955277,706.473627433434
2.38773,6.2925768,0.12187223,728.3949514161092
3.55357,12.359554,0.14193006,674.9663357525727
2.17474,5.369523,0.030484705,1456.3920767459158
3.67688,13.09649,0.43582793,385.1782686031018
1.99538,4.6394796,0.071436976,951.3882312322751
2.5783,7.1688075,0.25424495,504.304842270871
1.4573,2.7211983,0.021857847,1719.9491810068878
0.47082,4.3002129,0.055353095,1080.807504354533
0.58292,3.0002963,0.067195829,980.9528827759397
1.17705,3.813936,0.086408821,865.0481191363277
2.21958,8.8991841,0.11651339,744.9573110883593
0.88559,5.1996661,0.16598574,624.142730301326
2.27563,5.7992597,0.39410364,405.05507965216447
2.33168,6.0438495,0.10657423,778.9206258862539
2.36531,6.1925912,0.086308036,865.553045685692
2.63435,7.4354,0.29962566,464.54715434122244
3.91229,14.55168,0.29912588,464.9350754392741
1.98417,4.5953145,0.22488943,536.2098456863731
2.20837,5.5112567,0.19908457,569.9024253256042
0.88559,0.62873346,0.029166167,1488.9483295484708
1.33399,2.3419147,0.034933261,1360.5037450136701
1.25552,2.1128564,0.049307322,1145.1532187657247
3.37421,9.8526681,0.12767473,711.6506196957578
5.14539,36.232392,0.64102552,317.60084270943076
2.47741,6.6990733,0.13082387,703.0331599017076
0.87438,0.60067123,0.023069066,1674.1882907321935
1.87207,4.1632686,0.039671696,1276.670790982438
2.51104,6.8541965,0.073833523,935.820404343544
2.26442,5.7508411,0.097043496,816.2742359834261
1.16584,1.6844027,0.037815201,1307.6336842418984
3.01549,9.3527288,0.47541566,368.7929109879082
1.27794,2.1773119,0.019084659,1840.6749571838955
3.53115,12.227455,0.52370851,351.377938390278
1.4573,2.7211983,0.017293801,1933.6331248089814
3.10517,9.8298521,0.094,829.3834770649174
3.12759,9.950654,0.153,650.0901570991916
3.57599,12.492237,0.257,501.5944751224671
2.08506,4.999023,0.66715047,311.32027669110323
2.93702,8.9432821,0.1694667,617.6993148622574
2.18595,5.4165988,0.083239124,881.3645031648679
2.54467,7.010777,0.21699655,545.8746058745796
2.66798,7.5972714,0.07187062,948.5137047448763
2.6904,7.7059808,0.16501609,625.9738049195464
1.71513,3.5881927,0.11719998,742.7720225721438
2.08506,4.999023,0.29449873,468.57335886942366
0.98648,0.92556667,0.043492894,1219.2988177873535
1.61424,3.2372384,0.0645619,1000.7628022425266
0.95285,0.81736451,0.034464424,1369.7262966580784
4.80909,20.658056,0.066,989.799746280663
1.31157,4.5989712,0.071477931,951.1156317920019
1.60303,3.1991632,0.12452766,720.5869492820055
1.47972,2.7926567,0.15389703,648.1927760347422
3.39663,11.447163,0.19327709,578.4011087792029
2.92581,8.8854055,0.21084127,553.7853902361135
0.97527,0.88841861,0.031850809,1424.8169469808674
2.63435,7.4354,0.055341334,1080.9223434889047
1.2331,2.0491991,0.033815146,1382.813696474357
3.01549,9.3527288,0.18510768,591.0266812314271
3.363,11.255403,0.11673722,744.2427840523272
2.72403,7.8702326,0.40682635,398.6711131778314
1.72634,3.6281006,0.043017425,1226.0187182416812
0.81833,5.3013711,0.065784721,991.4179720145845
2.49983,10.488324,0.11132171,762.1305514443808
0.95285,8.1014358,0.16270895,630.3961972417464
2.55588,11.12398,0.24328742,515.5365720890875
2.37652,6.2425017,0.25353249,505.0129269898434
1.98417,4.5953145,0.0396016,1277.800163924463
1.75997,3.74891,0.07864061,906.7673396705968
1.49093,2.8286707,0.11741249,742.0995303588414
1.54698,3.011575,0.12032437,733.0650387738577
3.73293,13.43724,0.045099134,1197.3888360099857
1.60303,3.1991632,0.034073908,1377.5530500797079
2.36531,6.1925912,0.030143269,1464.6172042487287
0.79591,0.42881536,0.016048576,2007.2480944843178
3.63204,12.826485,0.12940244,706.8838722221454
1.60303,3.1991632,0.16179862,632.167113587337
1.53577,3.5088212,0.04544,1192.8893041518716
1.59182,9.3886392,0.06064,1032.6180438972174
0.86317,3.8012229,0.08377,878.5673268551199
2.90339,8.6004258,0.12639,715.2583705748734
1.72634,3.6281006,0.070529925,957.4863578488919
2.37652,6.2425017,0.062661477,1015.8252230116061
1.58061,3.123569,0.028075717,1517.5879792279313
2.29805,5.8965974,0.082632751,884.5923926380599
1.63666,3.3139434,0.049516047,1142.7370876339392
1.25552,2.1128564,0.054161865,1092.6284404489256
1.42367,2.6154425,0.021355539,1740.0592532387482
0.79591,0.42881536,0.060697929,1032.1251703272708
2.76887,8.091445,0.20813133,557.3789667996392
1.9057,4.2910395,0.039933014,1272.4867261283368
1.62545,3.2754986,0.11237926,758.5360432426819
8.65412,56.014221,0.292,470.5739481967065
8.1833,50.939114,0.721,299.46886290288813
3.28453,10.813157,0.36637368,420.1043442523477
1.0089,1.0032039,0.046113783,1184.1423950475084
1.121,1.4635061,0.02638789,1565.3698811031197
3.363,11.255403,0.18922992,584.553685552156
1.10979,1.4117248,0.032826331,1403.4861580922056
7.21924,41.17453,0.73678094,296.2443762670367
2.44378,6.5454121,0.12276416,725.7440895695903
2.93702,8.9432821,0.51525225,354.2495909617902
0.60534,0.16078015,0.015127739,2067.4370478239007
1.42367,2.6154425,0.16295578,629.9185840501951
1.82723,3.9953845,0.046816164,1175.2260055641716
2.36531,7.3005092,0.068914429,968.6440717761261
2.52225,21.799823,0.15195714,652.3170805001495
2.25321,5.702589,0.63354689,319.4698841310227
1.4573,2.7211983,0.024972716,1609.1125305631367
2.07385,4.9534779,0.29421303,468.80081127854436
1.95054,4.4638619,0.17462878,608.5011396640408
1.96175,4.5075054,0.40844724,397.87927970129965
3.18364,10.255306,0.37346104,416.0989834397615
1.21068,1.9283813,0.05045536,1132.0501101678158
1.24431,2.0809278,0.03458158,1367.4041384918405
3.26211,10.688141,0.60047682,328.1490734608053
1.30036,2.2425611,0.036332377,1334.0508992935909
2.82492,8.3714933,0.032888946,1402.1495212707869
1.80481,1.906968,0.091,842.9437787795051
2.86976,2.860452,0.107,777.3693566993334
3.11638,7.3100441,0.155,645.8824096044982
4.19254,7.9457001,0.195,575.8402266417019
2.48862,1.906968,0.25,508.5683178911541
3.32937,25.108412,0.466,372.50006046218795
1.82723,3.9953845,0.107,777.3693566993334
2.20837,5.5112567,0.198,571.4611499589641
1.74876,3.7084594,0.072036329,947.4221183564548
2.4662,6.6476898,0.35974907,423.95471143731356
2.65677,7.5431552,0.26658726,492.49248783504584
2.27563,5.7992597,0.14823218,660.4623387617728
1.2331,2.0491991,0.062751109,1015.0994750161888
2.00659,4.6838183,0.047023341,1172.6342227576333
1.64787,3.3525722,0.023542937,1657.2536556874315
1.3452,2.3754251,0.012807154,2246.947835352009
1.4573,2.7211983,0.051182932,1123.9751915665931
2.18595,5.4165988,0.22338683,538.0102171809398
1.58061,3.123569,0.046,1185.6060043804741
7.29771,41.937252,0.761,291.49222652029704
2.65677,7.5431552,0.080092696,898.5098647070724
1.99538,4.6394796,0.086066963,866.764402236091
3.01549,9.3527288,0.12745831,712.2545430660107
2.81371,8.3151703,0.24668678,511.9721862450708
1.3452,2.3754251,0.11347881,754.8521901665648
1.70392,3.5484667,0.18804433,586.393549735991
2.54467,7.010777,0.23129136,528.7368763813801
1.10979,1.4117248,0.054658574,1087.6524873552828
2.73524,7.9252992,0.22072967,541.238832949895
1.91691,4.333982,0.083226074,881.4336002360909
2.36531,6.1925912,0.076,922.3855904710771
2.39894,6.3428164,0.172,613.1335522157236
1.37883,2.4771268,0.037039102,1321.262416241981
1.9057,4.2910395,0.11867367,738.1457427828714
2.04022,4.8178725,0.23063424,529.4895756450345
1.67029,3.4303813,0.050811416,1128.0767723358936
1.27794,2.1773119,0.027733243,1526.9294710369677
1.83844,4.0370889,0.13048969,703.9328072049831
1.72634,3.6281006,0.43315263,386.3659344684384
1.96175,4.5075054,0.057561688,1059.8698679046518
3.65446,12.961199,0.29901277,465.0230045167248
2.95944,9.0594978,0.16433144,627.2764391104977
2.73524,7.9252992,0.35271482,428.1613410682385
1.81602,11.759636,0.050261575,1134.230337172045
2.17474,8.6989524,0.076489954,919.4266885935629
0.79591,0.42881536,0.058525673,1051.104989617873
1.59182,3.1612732,0.045831319,1187.7857968765652
2.3541,6.1428456,0.29540048,467.8576203885609
1.97296,4.5513229,0.09761865,813.86600268195
2.64556,7.4891982,0.12269274,725.9552883009397
1.84965,4.0789714,0.3492223,430.2970035145022
1.63666,3.3139434,0.031100916,1441.8919453104138
2.19716,5.4638433,0.18594899,589.6881411320692
1.70392,3.5484667,0.041512453,1248.0446055789564
1.18826,1.8034186,0.016698286,1967.8108840360444
1.25552,2.1128564,0.053,1104.539804203111
2.76887,8.091445,0.14892255,658.9296862251405
0.81833,0.47370976,0.034645883,1366.134593347685
1.46851,2.7568324,0.13451704,693.3150933157353
1.67029,3.4303813,0.036996449,1322.0238348868195
3.59841,12.625501,0.64568231,316.4534697853802
1.99538,4.6394796,0.12923142,707.3514493428136
1.40125,2.5458987,0.045356016,1193.993207123254
1.2331,2.0491991,0.031302406,1437.243806749181
2.61193,7.3282833,0.097337907,815.0388379940799
1.69271,3.5089223,0.019488218,1821.5170526538848
1.43488,2.6505029,0.047378932,1168.2254751343557
1.08737,1.3121437,0.036,1340.1951919471728
2.60072,7.2749643,0.087,862.104038649545
1.02011,1.0437331,0.0353695,1352.0876491778304
2.21958,5.5588379,0.30512943,460.33845633418167
0.87438,0.60067123,0.022355858,1700.6840345601668
1.72634,3.6281006,0.027595983,1530.7221674107168
2.34289,6.0932651,0.063314017,1010.5769113095255
2.36531,6.1925912,0.087729915,858.5101846437774
2.02901,4.773015,0.20522183,561.3161372825101
1.32278,2.3086002,0.10195868,796.3559032958591
1.08737,1.3121437,0.048361958,1156.291593261618
2.34289,6.0932651,0.12463895,720.2651717361588
2.36531,6.1925912,0.16626977,623.6094071604248
3.41905,11.575741,0.069,968.0432489040396
2.29805,5.8965974,0.116,746.6039981756676
2.14111,5.2293105,0.075931809,922.799674380037
2.1299,5.1829123,0.079748307,900.4478592108663
2.20837,5.5112567,0.19192378,580.436763215616
1.03132,1.0854299,0.069935274,961.5484354310336
1.121,1.4635061,0.046517169,1178.9969128318114
1.54698,3.011575,0.091277301,841.6623706240142
1.69271,3.5089223,0.19530067,575.3967960847194
1.71513,3.5881927,0.018135183,1888.2449624754888
2.49983,6.8023267,0.27282844,486.82680867602784
0.94164,0.78341907,0.070255757,959.3527992683142
8.05999,29.875832,0.1445,668.937252945496
12.34221,584.80353,0.2804,480.20900663386215
2.41015,6.3932195,0.084250856,876.0565577448297
2.55588,7.063293,0.029095398,1490.7580210363883
3.19485,10.316689,0.16710212,622.0543422782305
0.88559,0.62873346,0.015629597,2033.9740878443408
1.59182,3.1612732,0.071795096,949.0124624866153
2.99307,9.2349758,0.21332001,550.5585458863501
2.45499,6.5964694,0.16412724,627.6665328958785
1.9057,4.2910395,0.43597764,385.1121299017797
1.06495,1.2177294,0.18234003,595.4952408183864
1.32278,2.3086002,0.035664683,1346.4806660590702
1.96175,4.5075054,0.073,941.147896393413
7.67885,45.723289,0.141,677.1887733014543
1.99538,4.6394796,0.13240132,698.8325874224074
1.5694,3.086051,0.059426094,1043.111451315416
2.41015,6.3932195,0.099081306,807.8364497008092
2.82492,8.3714933,0.18258464,595.0962124270046
2.67919,7.651547,0.28271208,478.2413492905766
1.33399,2.3419147,0.42782572,388.76383799962093
2.23079,5.6065874,0.12252275,726.4587146669226
2.61193,7.3282833,0.14140647,676.2147902489697
2.08506,4.999023,0.13176794,700.5101425097456
1.77118,3.7895405,0.049234432,1146.0005865917315
3.59841,12.625501,0.035,1359.2060023690249
0.91922,0.71859407,0.049,1148.7387359547195
1.33399,2.3419147,0.085393577,870.1752025370224
1.51335,2.9012671,0.058449692,1051.787953614493
2.36531,6.1925912,0.15994943,635.8108832931791
1.32278,2.3086002,0.040189533,1268.4192547612824
1.51335,2.9012671,0.12283412,725.5373868716897
2.08506,4.999023,0.073690391,936.7288054607111
2.23079,5.6065874,0.31799788,450.92798991101495
1.25552,2.1128564,0.028898075,1495.8389892647424
1.46851,2.7568324,0.074374578,932.4102705221567
1.15463,1.6270695,0.11680863,744.0152559050334
19.66234,137.3017,0.0553,1081.3262358800523
2.15232,5.2758784,0.055,1084.2712969016186
1.52456,2.9378483,0.088,857.1917249384462
1.06495,1.2177294,0.019070276,1841.368954427792
2.28684,5.8478451,0.12571732,717.1693964533436
2.93702,8.9432821,0.18516542,590.9345243336884
1.06495,1.2177294,0.011834633,2337.4477332664223
3.04912,9.5305061,0.38420309,410.24082721314494
1.41246,2.5805743,0.019414221,1824.9850930940247
1.63666,3.3139434,0.020704561,1767.202399874731
1.62545,3.2754986,0.11412631,752.7078028379954
2.32047,5.9945993,0.090302273,846.1940453394407
1.51335,2.9012671,0.18100122,597.6935302788906
2.34289,6.0932651,0.039,1287.617890949731
2.27563,5.7992597,0.216,547.132396000322
1.70392,3.5484667,0.077122135,915.6505993720535
2.54467,7.010777,0.095573958,822.5257824992002
2.14111,5.2293105,0.11133347,762.0902989849197
1.18826,1.8034186,0.062522669,1016.9522261821945
2.36531,6.1925912,0.13116758,702.111445738491
1.22189,1.9931486,0.05448161,1089.4174800867347
1.39004,2.511416,0.052127287,1113.7475065213455
1.99538,4.6394796,0.032009111,1421.2893430466197
1.43488,2.6505029,0.16098354,633.765463958038
2.11869,5.1366839,0.13441495,693.5783345075835
2.34289,6.0932651,0.064,1005.1463939603796
5.87404,29.01239,0.108,773.7620548373424
2.19716,5.4638433,0.155,645.8824096044982
2.60072,7.2749643,0.227,533.7112745937226
1.52456,2.9378483,0.074481669,931.7397117931454
1.88328,4.2056823,0.097909909,812.6545709070696
0.7847,0.40755892,0.028488897,1506.5428491088333
1.22189,1.9931486,0.11677602,744.1191327279535
1.33399,2.3419147,0.11620268,745.9526029602082
1.81602,3.9538581,0.074652703,930.6717628534685
1.44609,2.685755,0.13170802,700.6694714359087
2.28684,5.8478451,0.40124235,401.4356364343238
1.53577,2.9746177,0.012488502,2275.4334181202216
1.40125,2.5458987,0.31242851,454.92937162060076
2.93702,8.9432821,0.135,692.073821210487
1.47972,2.7926567,0.181,597.6955446017586
2.71282,7.8153238,0.09233209,836.8410443931041
1.42367,2.6154425,0.093637999,830.9851133341731
1.92812,4.3771005,0.17035501,616.0867246174809
2.60072,7.2749643,0.2605846,498.1325632780893
2.81371,8.3151703,0.094888266,825.4923458532419
0.7847,0.40755892,0.049405082,1144.0196753206735
2.14111,5.2293105,0.18384433,593.0539267544326
2.85855,8.541399,0.36929588,418.43892207655267
1.92812,4.3771005,0.055128285,1083.0089979066988
2.90339,8.7701168,0.065622861,992.6398943845678
0.72865,0.31248784,0.039,1287.617890949731
1.74876,3.7084594,0.1,804.1171151683037
1.10979,1.4117248,0.17,616.7296742670377
1.15463,1.6270695,0.055811327,1076.3614413893072
2.63435,7.4354,0.12938146,706.9411826840802
2.26442,5.7508411,0.10232008,794.9482733996889
1.74876,3.7084594,0.1267725,714.1785109605531
1.3452,2.3754251,0.053141015,1103.0733272568377
1.43488,2.6505029,0.049614373,1141.6041851644745
1.43488,2.6505029,0.038156692,1301.769067598637
1.35641,2.4091308,0.088835026,853.1535240637477
2.33168,6.0438495,0.10659754,778.8354567890613
1.17705,1.7431784,0.079654803,900.9762064003298
2.37652,6.2425017,0.17411761,609.3936960537193
2.36531,6.1925912,0.041,1255.8199487484746
0.73986,0.33006436,0.051,1125.9891815962333
1.91691,4.333982,0.036943867,1322.9643149388519
1.83844,4.0370889,0.24108045,517.8909348408487
1.67029,3.4303813,0.12163169,729.1148361099947
1.33399,2.3419147,0.32547797,445.7162896571212
1.54698,3.011575,0.08355086,879.7187402951042
1.30036,2.2425611,0.042313328,1236.177155715522
1.31157,2.2754822,0.057654683,1059.0147563175944
2.32047,5.9945993,0.22005145,542.0722666605401
1.49093,2.8286707,0.110531,764.851735238613
1.52456,2.9378483,0.036342515,1333.8648148777938
0.86317,0.57352358,0.019304616,1830.158580419115
1.43488,2.6505029,0.013811869,2163.6802487879513
1.52456,2.9378483,0.099,808.1681086412922
1.58061,3.123569,0.162,631.7740722263018
2.49983,6.8023267,0.448,379.90962709035995
1.77118,3.7895405,0.14264336,673.2766080149158
2.26442,5.7508411,0.24333012,515.4913364695698
1.81602,3.9538581,0.082357122,886.0714126094616
1.14342,1.5711567,0.05070288,1129.2835231912268
1.17705,1.7431784,0.01908954,1840.4396212658999
1.3452,2.3754251,0.06076063,1031.5924900011305
2.5783,7.1688075,0.16937377,617.8687476077092
3.01549,9.3527288,0.11351923,754.7177907261306
2.02901,4.773015,0.23717357,522.1390330294132
1.62545,3.2754986,0.22561618,535.3455352732745
1.40125,2.5458987,0.125,719.2242125549417
2.65677,7.5431552,0.2,568.5966650036715
2.64556,7.4891982,0.28,480.55189065229797
3.31816,11.001799,0.07040909,958.307617340214
1.47972,2.7926567,0.04263271,1231.5380540983722
2.36531,6.1925912,0.27483216,485.04890706501635
2.48862,6.7506189,0.1793587,600.4240535777391
1.42367,2.6154425,0.080897017,894.0319759769184
1.47972,2.7926567,0.04976082,1139.9230664026916
1.18826,1.8034186,0.11051324,764.9131904141096
1.60303,3.1991632,0.2272922,533.3681027031481
1.0089,1.0032039,0.044353524,1207.4113117129646
1.74876,3.7084594,0.17095094,615.011956954533
1.43488,0.76914377,0.12296397,725.1542018031399
1.3452,0.89945325,0.16192942,631.9117425648998
1.87207,4.1632686,0.34148353,435.1454280072481
1.63666,3.3139434,0.039848948,1273.8282485019868
1.54698,3.011575,0.031522672,1432.2136032992719
1.9057,4.2910395,0.11334999,755.281005585865
1.21068,1.9283813,0.014052282,2145.0917748765482
0.97527,0.88841861,0.12531819,718.3105566736177
2.15232,5.2758784,0.098261092,811.2010661887554
1.53577,2.9746177,0.098208408,811.4186218327114
1.121,1.4635061,0.040923341,1256.995620837557
1.52456,2.9378483,0.080725749,894.9798639923464
2.36531,6.1925912,0.131,702.560385553118
2.54467,7.010777,0.393,405.62342772105995
1.42367,2.6154425,0.053931343,1094.961094356878
1.65908,3.3913851,0.077676748,912.3758648413016
1.81602,3.9538581,0.042431432,1234.455564029998
0.97527,0.88841861,0.065020032,997.2308758159685
3.19485,10.316689,0.46299441,373.70717152726087
1.54698,3.011575,0.046452028,1179.8232936702454
0.90801,0.68767595,0.077087333,915.857266765423
0.97527,0.88841861,0.027579497,1531.1796035193122
1.31157,2.2754822,0.082025496,887.860782568041
2.98186,9.1763296,0.14094085,677.3308595531713
1.02011,1.0437331,0.079,904.7024372033966
2.90339,8.7701168,0.178,602.7112594825784
1.63666,3.3139434,0.377,414.1413842905834
1.36762,2.4430315,0.1684564,619.5488401007459
1.40125,2.5458987,0.080682994,895.2169634990998
1.43488,2.6505029,0.079546038,901.5919580133502
1.42367,2.6154425,0.075627533,924.654183739714
2.28684,5.8478451,0.11831835,739.2532689178078
1.88328,4.2056823,0.11015547,766.1543505089984
1.9057,4.2910395,0.12492177,719.4493778891526
2.4662,6.6476898,0.13710517,686.7400727176579
0.51566,0.090498477,0.022643449,1689.8494579886217
2.36531,6.1925912,0.17431931,609.0410378072744
2.41015,16.209228,0.12554024,717.6750176183245
0.84075,8.2635281,0.17071102,615.4439790393975
1.43488,2.6505029,0.01465255,2100.693539980552
1.24431,2.0809278,0.099390468,806.5790511856487
1.22189,1.9931486,0.036980701,1322.305292712467
2.09627,5.0447392,0.060380491,1034.8347065803305
1.75997,3.74891,0.046609194,1177.8324344465113
5.11176,22.913624,0.050950261,1126.538657820093
1.37883,2.4771268,0.016213935,1996.986330468104
3.54236,12.293432,0.39212181,406.0773877008851
1.55819,3.0487196,0.012624471,2263.1467261730622
3.10517,9.8298521,0.62885951,320.6583026950866
1.3452,2.3754251,0.032697379,1406.250970807126
1.21068,1.9283813,0.067,982.3854115750676
1.27794,2.1773119,0.068,975.1352356487873
1.54698,3.011575,0.136,689.5247377011995
1.70392,3.5484667,0.01653287,1977.630632658831
4.92119,21.482244,0.07941944,902.3102600374248
2.39894,6.3428164,0.027167819,1542.7370811694595
1.61424,3.2372384,0.018420498,1873.5643854647
1.52456,2.9378483,0.019698347,1811.7756317525455
1.51335,2.9012671,0.046257313,1182.3038532863397
2.85855,8.541399,0.19996542,568.6458265604779
4.18133,16.291128,0.26907764,490.2081201598897
1.80481,3.9125102,0.11919757,736.5217985393265
0.97527,0.88841861,0.053502031,1099.3454204010084
2.17474,5.369523,0.07775746,911.9022202535874
1.75997,3.74891,0.083,882.6332009149346
2.83613,8.4279728,0.204,562.9945907981166
1.64787,3.3525722,0.090545756,845.0555460338642
1.05374,1.1724075,0.014976064,2077.8799967264813
1.36762,2.4430315,0.10011427,803.6580762249617
2.81371,8.3151703,0.43908694,383.7461629262102
2.28684,5.8478451,0.1199001,734.360879451174
1.44609,2.685755,0.060941171,1030.063286664377
1.98417,4.5953145,0.15590536,644.0043230896365
1.71513,3.5881927,0.061711255,1023.6161201053151
2.41015,6.3932195,0.14615213,665.1456135548879
0.91922,0.71859407,0.018956797,1846.8721237238608
0.70623,0.27937341,0.023314414,1665.355876544354
1.99538,4.6394796,0.06,1038.1107318157306
1.25552,2.1128564,0.092,838.3500455129208
1.54698,3.011575,0.016143719,2001.3244960764155
2.99307,9.2349758,0.47128051,370.40732463573266
1.65908,3.3913851,0.032459801,1411.3878661159706
1.92812,4.3771005,0.043079654,1225.1328999552686
1.83844,4.0370889,0.057046333,1064.6465217073846
2.36531,6.1925912,0.27000233,489.3679805319648
1.58061,3.123569,0.046231518,1182.6336421009469
1.03132,1.0854299,0.10642952,779.4499870768981
1.93933,4.4203935,0.18092659,597.8167881960097
0.69502,0.26380241,0.034015421,1378.7368417178789
1.80481,3.9125102,0.067,982.3854115750676
1.15463,1.6270695,0.103,792.3201366483385
2.52225,6.9062285,0.043675382,1216.7488651150563
1.72634,3.6281006,0.02342899,1661.2787979155091
0.65018,0.20771421,0.016387663,1986.3729557057886
0.88559,0.62873346,0.030836342,1448.064407773405
1.80481,3.9125102,0.15166394,652.9473127773844
2.97065,9.117837,0.37085031,417.5610516708936
1.4573,2.7211983,0.022214563,1706.084034076244
1.52456,2.9378483,0.013515797,2187.2502547255135
1.27794,2.1773119,0.039807484,1274.4914939820248
1.121,1.4635061,0.067418759,979.3297076654017
2.82492,8.3714933,0.27449743,485.3445582011401
2.05143,4.8629026,0.106,781.0275856424813
1.99538,4.6394796,0.133,697.2579672274111
3.39663,11.447163,0.26485606,494.09942538325487
0.86317,0.57352358,0.04299627,1226.3202936627895
2.60072,7.2749643,0.4808426,366.70584939092765
1.25552,2.1128564,0.036660922,1328.0597495240295
2.15232,5.2758784,0.12558867,717.5366279350332
0.91922,0.71859407,0.076295851,920.5954947204076
0.79591,0.42881536,0.055480334,1079.5674270649017
1.43488,2.6505029,0.027918237,1521.8621330964972
0.91922,0.71859407,0.022576669,1692.3468330669134
1.64787,3.3525722,0.015409378,2048.4565264805915
2.6904,7.7059808,0.17059023,615.6618295091379
1.46851,2.7568324,0.077,916.3764998564096
1.88328,4.2056823,0.13,705.2573643203947
1.83844,4.0370889,0.15411482,647.7346117448583
1.26673,2.1449845,0.079030695,904.526729914985
0.72865,0.31248784,0.042616386,1231.7738988555334
0.63897,0.19516146,0.029704242,1475.4009837978942
1.26673,2.1449845,0.023286776,1666.3438505119022
1.15463,1.6270695,0.024791293,1614.9895511980653
2.28684,5.8478451,0.089734095,848.8687821605785
1.73755,3.6681895,0.049316782,1145.043381215841
1.05374,1.1724075,0.059144747,1045.589508192878
1.25552,2.1128564,0.01523561,2060.1051242841227
2.19716,5.4638433,0.090827526,843.7437396404625
1.30036,2.2425611,0.016909437,1955.4860940544345
0.52687,0.066743881,0.074545733,931.3392609524867
1.19947,1.9705336,0.090442133,845.5395136274743
1.21068,0.63883429,0.12757614,711.9255460445198
1.43488,2.6505029,0.091438459,840.92033907439
2.25321,5.702589,0.16671567,622.77489168131
1.88328,4.2056823,0.13969518,680.3440564740699
1.41246,2.5805743,0.12222812,727.3337494091218
1.93933,4.4203935,0.11130588,762.1847448872768
0.85196,0.54727185,0.041580242,1247.0268360499992
1.24431,2.0809278,0.070275565,959.217587267657
0.93043,0.75050199,0.031720787,1427.7340892429006
2.58951,7.2218056,0.089306698,850.8975826025937
2.26442,5.7508411,0.05249179,1109.8738386677194
2.85855,8.541399,0.12749895,712.1410192620195
2.45499,6.5964694,0.18836494,585.8942962578915
1.77118,3.7895405,0.39099148,406.66393526034346
2.93702,8.9432821,0.127,713.5385564775011
3.38542,11.383095,0.586,332.177718508452
1.17705,1.7431784,0.067552994,978.3562075515987
1.6815,3.4695604,0.283729,477.38354176076325
1.96175,4.5075054,0.1147557,750.6408112624476
0.79591,0.42881536,0.034895404,1361.2415302660256
1.39004,2.511416,0.057537358,1060.0939302300023
0.79591,0.42881536,0.050071774,1136.3779985557285
2.07385,4.9534779,0.14316802,672.0418157564035
1.71513,3.5881927,0.26392201,494.9729901761521
0.8968,0.65772873,0.040372021,1265.549278823746
1.03132,1.0854299,0.052530959,1109.4599802884381
1.25552,2.1128564,0.026921017,1549.792571104309
12.73456,2669.7552,0.08049217,896.2774874918547
1.61424,3.2372384,0.045,1198.7070209249027
1.80481,3.9125102,0.414,395.202001460158
1.62545,3.2754986,0.079954201,899.2877180347533
1.6815,3.4695604,0.10018438,803.3768231554913
0.76228,0.36733988,0.030325442,1460.2114049317981
2.14111,5.2293105,0.060767295,1031.535915551952
2.00659,4.6838183,0.11688891,743.7597149648398
3.95713,14.835971,0.18436852,592.2102517651832
1.09858,1.3612778,0.10207883,795.8870973074236
2.25321,5.702589,0.14917246,658.3774993626438
0.88559,0.62873346,0.043349675,1221.3113214778311
1.04253,1.1283145,0.015378904,2050.4850770996386
0.69502,0.26380241,0.039,1287.617890949731
1.41246,2.5805743,0.067,982.3854115750676
1.78239,3.8303511,0.25954165,499.13241528988283
2.82492,8.3714933,0.37509126,415.19377502105783
0.82954,0.49738312,0.046987832,1173.0772226055565
1.81602,3.9538581,0.10302549,792.2221148401024
1.2331,2.0491991,0.041997098,1240.822514527273
1.28915,2.2098374,0.01392528,2154.8514566459953
0.88559,0.62873346,0.02632943,1567.1067357015422
0.99769,0.96382171,0.14681147,663.650326385302
1.65908,3.3913851,0.14283178,672.8323768945471
2.85855,8.541399,0.23916063,519.9654193335451
1.99538,4.6394796,0.032,1421.4916625091787
2.85855,8.541399,0.057,1065.0791379102166
2.16353,5.3226161,0.242,516.9060590942469
1.27794,2.1773119,0.065084877,996.7339742780948
0.93043,0.75050199,0.076488344,919.4363650298781
2.0178,4.7283306,0.14393453,670.2499788032089
1.06495,1.2177294,0.15030979,655.8819389806426
1.15463,1.6270695,0.18850686,585.673705414146
0.94164,0.78341907,0.1149286,750.0759621045514
1.55819,3.0487196,0.11580162,747.2432289696209
1.09858,1.3612778,0.019223137,1834.033125215443
1.63666,3.3139434,0.10300395,792.3049445389851
1.28915,2.2098374,0.054084507,1093.4095638547458
2.41015,6.3932195,0.127,713.5385564775011
3.37421,11.319175,0.181,597.6955446017586
1.17705,1.7431784,0.032685606,1406.5042061631354
1.46851,2.7568324,0.06427135,1003.0223140759679
2.21958,5.5588379,0.16712793,622.0063076903417
1.55819,3.0487196,0.052665488,1108.0420690201965
1.10979,1.4117248,0.089385256,850.5235863267263
0.86317,0.57352358,0.056437523,1070.3734634744494
1.31157,2.2754822,0.090774368,843.990754113067
1.36762,2.4430315,0.094060069,829.11860274975
0.94164,0.78341907,0.033938012,1380.308322266814
1.4573,2.7211983,0.060788127,1031.359147500137
1.33399,2.3419147,0.066,989.799746280663
1.3452,2.3754251,0.094,829.3834770649174
1.25552,2.1128564,0.22678068,533.9692887899596
1.31157,2.2754822,0.22671595,534.0455105231968
3.93471,14.693542,0.40521489,399.4630449624326
0.97527,0.88841861,0.037354502,1315.67260074084
2.17474,5.369523,0.20501988,561.5925248517513
0.96406,0.85235786,0.098345364,810.8534331917738
0.81833,0.47370976,0.014241545,2130.7905041311064
2.90339,8.7701168,0.28577646,475.67034833222044
1.61424,3.2372384,0.10232836,794.9161107379406
1.6815,3.4695604,0.1122798,758.8719331122542
2.64556,37.185876,0.17157235,613.8972049173093
4.31585,79.457001,0.26027328,498.4303892475166
1.71513,3.5881927,0.25094394,507.6109122840566
3.35179,11.191779,0.2118314,552.4896386122684
2.70161,7.7605729,0.26893475,490.3383311805901
2.66798,7.5972714,0.25282685,505.7171817392351
1.88328,4.2056823,0.246142,512.5384407867555
2.16353,5.3226161,0.22425127,536.9722596002766
1.14342,1.5711567,0.11639991,745.3203575951036
1.99538,4.6394796,0.27037078,489.03442173680645
2.75766,8.0359058,0.25488878,503.6675213980798
1.35641,2.4091308,0.28477349,476.5072656953148
3.71051,13.300508,0.2,568.5966650036715
3.12759,9.950654,0.364,421.47188938975256
1.96175,4.5075054,0.16759803,621.1333544193582
2.02901,4.773015,0.17210184,612.9521167324668
3.82261,13.989899,0.31841554,450.632155757342
1.86086,4.1210313,0.16572629,624.631097303156
1.65908,3.3913851,0.19760566,572.0310670234165
0.99769,0.96382171,0.060082082,1037.4013745087373
1.77118,3.7895405,0.1785392,601.8004576839977
1.54698,3.011575,0.19445603,576.6450899576361
3.29574,10.875888,0.24252581,516.3454139172854
1.72634,3.6281006,0.080872368,894.1682111077724
1.15463,1.6270695,0.046093688,1184.4004862262823
2.8025,8.2590046,0.1487941,659.2140431294572
1.52456,2.9378483,0.113,756.4497508632397
2.43257,6.4945178,0.216,547.132396000322
1.06495,1.2177294,0.11674655,744.2130447413504
1.41246,2.5805743,0.045506312,1192.0198454950396
1.9057,4.2910395,0.23290734,526.8994172220282
1.18826,1.8034186,0.1193373,736.0904818693707
2.16353,5.3226161,0.21786462,544.7860162570801
2.92581,8.8854055,0.39081548,406.75549355325313
1.67029,3.4303813,0.092353465,836.7441963081529
1.17705,1.7431784,0.093223497,832.8304794314373
1.72634,3.6281006,0.17435623,608.9765520542105
1.82723,3.9953845,0.11613161,746.1808213711624
1.80481,3.9125102,0.028,1519.6385083614398
3.59841,12.625501,0.05,1137.193330007343
1.67029,3.4303813,0.14608141,665.3065970985889
1.2331,2.0491991,0.059589748,1041.6780946130932
1.0089,1.0032039,0.099659431,805.4899094579854
1.52456,2.9378483,0.094599327,826.7520539813339
2.10748,5.0906262,0.18692057,588.1535972306975
1.46851,2.7568324,0.14884994,659.0903817926883
2.32047,5.9945993,0.28909596,472.93155780541616
2.1299,5.1829123,0.082121226,887.3431350530211
1.86086,4.1210313,0.23189934,528.0433159341766
1.77118,3.7895405,0.36134217,423.0191047081334
4.21496,16.51421,0.184,592.8030021902371
1.61424,3.2372384,0.281,479.69605401464617
3.95713,14.835971,0.571,336.5125393287719
3.03791,9.4710941,0.38620579,409.1757769209738
1.51335,2.9012671,0.12725468,712.8241819115469
1.49093,2.8286707,0.11741595,742.0885962255688
1.41246,2.5805743,0.121458,729.6359821568772
3.07154,9.6497879,0.3907361,406.79680866512115
2.93702,8.9432821,0.38282229,410.98000917449264
2.21958,5.5588379,0.33308521,440.5970970116975
1.65908,3.3913851,0.081910661,888.4829346897184
1.33399,2.3419147,0.24593091,512.7583572937056
1.18826,1.8034186,0.22894664,531.4374662005733
10.7616,209.76648,0.05714,1063.7735505242085
1.25552,2.1128564,0.044,1212.2521629619382
3.68809,13.164352,0.073,941.147896393413
2.79129,8.2029943,0.104,788.5017041263686
3.11638,9.8901768,0.189,584.9091345822658
3.64325,12.893769,1.24,228.353915840224
1.19947,1.8651456,0.11918096,736.5731204990577
1.55819,3.0487196,0.12395775,722.2415403219316
3.18364,10.255306,0.26573321,493.2832730648301
2.27563,5.7992597,0.37644295,414.4476885742156
2.1299,5.1829123,0.35069523,429.3924228357524
0.93043,0.75050199,0.18790714,586.6075720794322
1.32278,2.3086002,0.11190497,760.1418059893123
0.84075,0.52189779,0.11975697,734.7995916430959
1.33399,2.3419147,0.15412406,647.7151950570324
1.84965,4.0789714,0.16921959,618.1501609898354
3.06033,9.5900707,0.116,746.6039981756676
2.08506,4.999023,0.16,635.7103973639427
3.363,11.255403,0.39990875,402.10442523619406
1.6815,3.4695604,0.16789619,620.5815866423593
1.17705,1.7431784,0.1313606,701.5954182105215
8.46355,53.936165,0.57685198,334.8012818447223
11.82655,95.187233,0.75483526,292.680114671703
9.55092,66.221909,0.76475251,290.77619578555044
1.74876,3.7084594,0.074322097,932.7394134690782
9.76391,68.748642,0.071403505,951.6111907675629
3.04912,9.5305061,0.067049855,982.0201167338294
7.0623,39.666389,0.74185994,295.2285448140166
2.79129,8.2029943,0.124,722.1184866735106
2.38773,6.2925768,0.356,426.18121867761596
5.77315,28.171452,0.013447293,2192.8143876284203
2.49983,6.8023267,0.23803963,521.1883178180476
1.72634,3.6281006,0.029065909,1491.514058267451
1.58061,3.123569,0.018569505,1866.0322377299358
3.54236,12.293432,0.35340908,427.7405801993146
0.90801,0.68767595,0.036039116,1339.4676864841783
2.43257,6.4945178,0.043715323,1216.1928899017216
4.77546,20.413389,0.61482714,324.29689527046725
1.4573,2.7211983,0.029143172,1489.5356303350607
2.09627,5.0447392,0.055716127,1077.280617583187
2.92581,8.8854055,0.129,707.9856428418789
2.53346,6.9584217,0.237,522.3301956558915
1.63666,3.3139434,0.035893975,1342.1730924039223
1.64787,3.3525722,0.058013495,1055.7346869164269
1.10979,1.4117248,0.022416197,1698.3935764038877
1.3452,2.3754251,0.020127006,1792.3784673239354
3.46389,11.834665,0.97756956,257.18490270204734
1.89449,4.2482729,0.060397656,1034.687646237678
2.54467,7.010777,0.53853151,346.50838329776843
3.1388,10.011282,0.89111198,269.3724428476283
1.17705,1.7431784,0.023306317,1665.645137510835
2.82492,8.3714933,0.61855303,323.3187094405406
2.70161,7.7605729,0.48176002,366.35652235823756
2.26442,5.7508411,0.198,571.4611499589641
2.94823,9.0013132,0.303,461.953212561874
2.48862,6.7506189,0.44342019,381.8665117559674
1.15463,1.6270695,0.076930763,916.7887724519088
0.76228,0.36733988,0.047903718,1161.8088888675372
0.65018,0.20771421,0.038908164,1289.1365951203584
0.87438,0.60067123,0.063236672,1011.1947425691094
0.76228,0.36733988,0.056797776,1066.9735183273656
2.71282,7.8153238,0.079655536,900.9720609440828
1.78239,3.8303511,0.55710713,340.6825957330868
2.70161,7.7605729,0.55244401,342.11740675368594
3.12759,9.950654,0.13981416,680.0545129670008
0.8968,0.65772873,0.015912163,2015.8336774578538
2.64556,7.4891982,0.48707693,364.35146986529753
2.56709,7.1159697,0.67268223,310.0375728335426
2.08506,4.999023,0.056,1074.546694214584
2.242,5.6545043,0.242,516.9060590942469
3.01549,9.3527288,0.74160875,295.27853895155187
2.65677,7.5431552,0.17240803,612.4075852198672
2.4662,6.6476898,0.60127494,327.9312119720278
1.15463,1.6270695,0.048574149,1153.7632606729485
2.90339,8.7701168,0.62734907,321.0440878762112
1.61424,3.2372384,0.079987711,899.0993247933791
1.96175,4.5075054,0.082726878,884.0890028802078
1.52456,2.9378483,0.048815391,1150.9088239648804
0.68381,0.24886708,0.042426425,1234.528404678932
0.71744,0.29559639,0.018256941,1881.9379492381224
2.29805,5.8965974,0.054,1094.264792000644
2.54467,7.010777,0.117,743.4065359532053
0.88559,0.62873346,0.041259599,1251.8630025970256
1.08737,1.3121437,0.020082039,1794.3840608543617
3.55357,12.359554,0.31603281,452.3277368171471
0.75107,0.34834272,0.04452518,1205.081623863735
1.46851,2.7568324,0.13143775,701.3894802979507
1.18826,1.8034186,0.02379325,1648.5131735164282
0.7847,0.40755892,0.012241079,2298.3144922275724
2.73524,7.9252992,0.55257708,342.07621041553875
1.30036,2.2425611,0.15290938,650.282762825418
1.6815,3.4695604,0.067975959,975.3076580325611
1.32278,2.3086002,0.028,1519.6385083614398
2.242,5.6545043,0.11,766.6955866850669
1.06495,1.2177294,0.16935725,617.8988819621783
1.52456,2.9378483,0.047267703,1169.599184769568
0.94164,0.78341907,0.060316696,1035.381817393986
1.19947,1.8651456,0.03726903,1317.1804045115734
1.28915,2.2098374,0.072602681,943.7196040687032
1.31157,2.2754822,0.035930843,1341.484325686773
1.04253,1.1283145,0.072667237,943.3003208958095
1.13221,1.5166428,0.061474095,1025.5887161538662
1.04253,1.1283145,0.024211001,1634.2290758197107
0.84075,0.52189779,0.015950631,2013.4014257157626
2.11869,5.1366839,0.111,763.2341893834284
1.9057,4.2910395,0.158,639.7212283025184
2.10748,5.0906262,0.32813763,443.90627827310857
0.79591,0.42881536,0.069193664,966.6875865471886
1.49093,2.8286707,0.036617054,1328.8550331446418
0.60534,0.16078015,0.084933721,872.5277140315937
1.61424,3.2372384,0.1139473,753.2988187974001
1.7936,3.871341,0.044877591,1200.3407160838024
1.52456,2.9378483,0.13829504,683.779385798862
1.33399,2.3419147,0.089451762,850.2073519783837
0.76228,0.36733988,0.076235028,920.9626633128689
1.08737,1.3121437,0.020561128,1773.3556279652514
2.37652,6.2425017,0.082,887.998801709389
3.40784,11.511377,0.218,544.6168314296021
1.14342,1.5711567,0.078432543,907.9692859099791
1.26673,2.1449845,0.082032886,887.8207898329343
1.53577,2.9746177,0.043552195,1218.46843175352
3.17243,10.194074,0.56957536,336.933124429182
1.06495,1.2177294,0.038836082,1290.3323963105797
1.2331,2.0491991,0.050794967,1128.2594108327296
1.9057,4.2910395,0.31531652,452.84121140542476
1.06495,1.2177294,0.043319951,1221.7302512297745
0.95285,0.81736451,0.053263223,1101.8071459148625
1.62545,3.2754986,0.48064308,366.7819532222155
8.45234,105.83672,0.7048,302.8909924491616
1.53577,2.9746177,0.05,1137.193330007343
3.60962,12.69235,0.109,770.2045093044051
3.12759,9.950654,0.98706348,255.9450672655103
0.81833,0.47370976,0.033626364,1386.689895652697
1.3452,2.3754251,0.10452969,786.5013541626352
1.28915,2.2098374,0.036029999,1339.6371446414146
1.41246,2.5805743,0.014154947,2137.2985057431774
1.07616,1.2643012,0.36184335,422.7260467070001
2.07385,4.9534779,0.63836637,318.26164710373195
0.91922,0.71859407,0.11672855,744.2704228139066
1.72634,3.6281006,0.11509464,749.5347224661109
2.21958,5.5588379,0.48708855,364.34712384922886
2.11869,5.1366839,0.054,1094.264792000644
2.05143,4.8629026,0.068,975.1352356487873
1.61424,3.2372384,0.08021642,897.8166766225748
0.80712,0.45085979,0.057353766,1061.789278909931
1.03132,1.0854299,0.047970322,1161.0020567006404
2.08506,4.999023,0.026520434,1561.4532734022634
1.49093,2.8286707,0.0451719,1196.424029208027
2.06264,4.9081044,0.25932159,499.3441519733997
1.02011,1.0437331,0.074563151,931.2304738739386
1.19947,1.8651456,0.18666868,588.5502895548591
1.25552,2.1128564,0.073315243,939.1223291918693
0.76228,0.36733988,0.16108728,633.5613590223192
1.25552,2.1128564,0.069,968.0432489040396
3.0267,9.4118347,0.137,687.0036150451508
1.61424,3.2372384,0.44737551,380.1746919200337
2.16353,5.3226161,0.41856491,393.0410374732052
1.46851,2.7568324,0.10468086,785.933254296763
1.31157,2.2754822,0.052229888,1112.653039477647
5.70589,27.616484,0.034355026,1371.9053987410637
6.06461,30.628454,0.84056242,277.35392813339257
2.0178,4.7283306,0.057873027,1057.0151371628147
3.68809,13.164352,0.069665594,963.4077457444142
6.43454,33.867504,0.28858657,473.34876431760273
0.77349,0.38707286,0.048439843,1155.3616356626233
1.05374,1.1724075,0.078,910.4833422676752
2.26442,5.7508411,0.152,652.2251058908563
2.18595,5.4165988,1.0874339,243.84725555386854
1.3452,2.3754251,0.049576887,1142.0356976167939
2.4662,6.6476898,1.1902286,233.07952001271914
1.58061,3.123569,0.6784855,308.70880779998436
3.19485,10.316689,0.98938231,255.64496019513086
3.64325,12.893769,1.1371319,238.4590911805682
3.22848,10.50174,1.1105412,241.29702552295404
0.88559,0.62873346,0.065824103,991.1213491783568
1.87207,4.1632686,0.78766757,286.515303336207
2.5783,7.1688075,0.093549695,831.3772151013357
1.41246,2.5805743,0.058,1055.8574999420066
2.73524,7.9252992,0.097,816.4572292044458
2.45499,6.5964694,0.187,588.0286720912405
4.8203,20.739878,0.081794751,889.1122391210818
3.10517,9.8298521,0.14807617,660.8101719205029
2.94823,9.0013132,0.20760365,558.0868808360641
3.19485,10.316689,0.099398568,806.5461864092686
2.65677,7.5431552,0.066314978,987.4463094291968
2.29805,5.8965974,0.058158033,1054.421981695745
1.88328,4.2056823,0.14367061,670.8653141595787
1.78239,3.8303511,0.1259869,716.4017052949766
1.2331,2.0491991,0.03307191,1398.2655803602333
11.87139,482.99686,2.7205,154.1682493420301
1.07616,1.2643012,0.0514,1121.5993435121636
2.32047,5.9945993,0.072,947.6611083394527
2.23079,5.6065874,0.11,766.6955866850669
0.96406,0.85235786,0.018017131,1894.4209498087469
1.83844,4.0370889,0.072439496,944.7819682477863
1.60303,3.1991632,0.1654,625.2469088619888
2.17474,5.369523,0.4706,370.67504119915765
9.18099,158.914,2.026,178.6485869418441
2.20837,4.9994345,0.103,792.3201366483385
5.02208,48.59908,0.197,572.9097230052982
11.9947,1868.8287,0.0544,1090.2343370829824
2.27563,5.7992597,0.072,947.6611083394527
2.37652,6.2425017,0.195,575.8402266417019
1.61424,3.2372384,0.0483,1157.0329861631235
1.54698,3.011575,0.0684,972.2797822693022
1.19947,1.8651456,0.1405,678.3926654043694
10.15626,73.50441,1.89,184.9645089517919
1.4573,2.7211983,0.056,1074.546694214584
2.6904,7.7059808,0.116,746.6039981756676
1.13221,1.5166428,0.04,1271.4207947278853
1.21068,1.9283813,0.062,1021.2297574940137
1.25552,2.1128564,0.075,928.5144658048108
2.19716,5.4638433,0.105,784.7379513519116
2.5783,7.1688075,0.359,424.3967814530249
14.6851,778.67861,0.02591,1579.7399437486322
3.19485,10.316689,0.08,899.0302656936772
2.85855,8.541399,0.131,702.560385553118
2.34289,6.0932651,0.05,1137.193330007343
2.55588,7.063293,0.098,812.280950005245
1.89449,4.2482729,0.223,538.4766483841015
2.3541,6.1428456,0.04,1271.4207947278853
2.85855,8.541399,0.068,975.1352356487873
2.25321,5.702589,0.118,740.2498060415633
2.75766,8.0359058,0.211,553.5770516273535
1.28915,2.2098374,0.048,1160.6430822560135
2.43257,6.4945178,0.074,934.7671591180709
1.96175,4.5075054,0.1,804.1171151683037
1.49093,2.8286707,0.214,549.6831436087227
2.18595,5.4165988,0.677,309.04731270931654
2.55588,7.063293,0.105,784.7379513519116
3.10517,9.8298521,0.213,550.9719686924067
1.43488,2.6505029,0.058,1055.8574999420066
2.60072,7.2749643,0.102,796.1945858493874
2.51104,6.8541965,0.163,629.8331334697436
2.90339,8.7701168,0.085,872.1874696663859
2.88097,8.655447,0.142,674.8000929365522
3.94592,14.764686,0.397,403.57481145377284
1.63666,3.3139434,0.036,1340.1951919471728
1.99538,4.6394796,0.064,1005.1463939603796
1.99538,6.9922161,0.0447,1202.7228010877504
5.4929,17.162712,0.0752,927.2789170661466
6.98383,16.527056,0.1172,742.7719591956887
1.50214,2.8648744,0.109,770.2045093044051
3.01549,9.3527288,0.229,531.3755466475027
1.26673,2.1449845,0.04,1271.4207947278853
1.99538,4.6394796,0.049,1148.7387359547195
2.5783,7.1688075,0.096,820.698594000483
3.43026,11.640251,0.157,641.7553231917636
2.06264,4.9081044,0.064,1005.1463939603796
2.27563,5.7992597,0.103,792.3201366483385
2.36531,6.1925912,0.092,838.3500455129208
1.97296,4.5513229,0.141,677.1887733014543
2.48862,6.7506189,0.179,601.0253505592402
1.16584,1.6844027,0.026,1577.0034082527372
2.0178,4.7283306,0.139,682.0432352519493
1.06495,1.2177294,0.0343,1373.0054018637086
1.25552,2.1128564,0.0451,1197.3773399599877
1.40125,2.5458987,0.0781,909.900259696013
1.26673,2.1449845,0.11,766.6955866850669
1.16584,1.6844027,0.432,386.8810274186712
1.41246,2.5805743,0.059,1046.8713152480318
2.66798,7.5972714,0.099,808.1681086412922
1.6815,3.4695604,0.032,1421.4916625091787
3.19485,10.316689,0.066,989.799746280663
1.21068,1.9283813,0.088,857.1917249384462
2.37652,6.2425017,0.137,687.0036150451508
2.8306203,8.4001941,0.084685189,873.8071124195434
3.6776042,13.10087,0.17979848,599.6892972139032
5.0570803,22.499044,0.30330717,461.71923505181155
1.55819,3.0487196,0.03,1468.110276178865
1.4573,2.7211983,0.045,1198.7070209249027
1.3452,2.3754251,0.087,862.104038649545
1.86086,4.1210313,0.128,710.7458312545893
2.73524,7.9252992,0.09,847.6138631519235
2.79129,8.2029943,0.15,656.5588752003865
2.38773,6.2925768,0.106,781.0275856424813
2.74645,7.9805236,0.286,475.48441802599876
1.51335,2.9012671,0.032,1421.4916625091787
2.58951,7.2218056,0.131,702.560385553118
2.39894,6.3428164,0.275,484.9008651847753
2.02901,4.773015,0.077,916.3764998564096
1.54698,3.011575,0.197,572.9097230052982
1.9057,4.2910395,0.138,684.5099457819033
2.242,5.6545043,0.24,519.0553659078653
1.02011,1.0437331,0.06,1038.1107318157306
1.2331,2.0491991,0.09,847.6138631519235
1.22189,1.9931486,0.119,737.1329509094451
0.90801,0.68767595,0.164,627.9099743742373
2.82492,8.3714933,0.131,702.560385553118
2.4662,6.6476898,0.259,499.6540636896889
3.10517,9.8298521,0.158,639.7212283025184
3.2509,10.625858,0.316,452.3512186016983
1.87207,9.7001106,0.0463,1181.7587059578264
3.04912,12.751259,0.0949,825.441309885784
2.74645,10.068791,0.3506,429.45073467844605
0.86317,0.57352358,0.0639,1005.9325860195377
0.99769,0.96382171,0.1396,680.5759479979166
4.7126436,19.959599,0.2055,560.9361027693533
2.1299,5.1829123,0.08,899.0302656936772
1.59182,3.1612732,0.09,847.6138631519235
2.45499,6.5964694,0.175,607.855403344576
2.84734,8.4846077,0.573,335.9247440515099
1.62545,3.2754986,0.045,1198.7070209249027
1.84965,4.0789714,0.113,756.4497508632397
2.56709,7.1159697,0.043,1226.2671044314473
2.4662,6.6476898,0.061,1029.566465267908
1.43488,2.6505029,0.1,804.1171151683037
2.53346,6.9584217,0.117,743.4065359532053
1.7936,3.871341,0.173,611.3589217144716
1.51335,2.9012671,0.032,1421.4916625091787
1.63666,3.3139434,0.122,728.0134292732017
1.19947,1.8651456,0.078,910.4833422676752
1.77118,3.7895405,0.111,763.2341893834284
1.18826,1.8034186,0.163,629.8331334697436
1.5694,3.086051,0.029,1493.2079963513352
1.50214,2.8648744,0.044,1212.2521629619382
3.30695,10.938769,0.068,975.1352356487873
1.62545,3.2754986,0.054,1094.264792000644
1.39004,2.511416,0.079,904.7024372033966
1.19947,1.8651456,0.103,792.3201366483385
1.47972,2.7926567,0.132,699.894112611781
2.26442,5.7508411,0.122,728.0134292732017
3.10517,9.8298521,0.231,529.0702188711451
1.63666,5.0788915,0.042717,1230.3224069165817
2.93702,8.9432821,0.032,1421.4916625091787
3.62083,12.759345,0.07,961.1037813045959
1.25552,2.1128564,0.048,1160.6430822560135
1.28915,2.2098374,0.062,1021.2297574940137
1.08737,1.3121437,0.133,697.2579672274111
2.73524,7.9252992,0.207,558.9000303419471
1.62545,3.2754986,0.036,1340.1951919471728
2.34289,6.0932651,0.057,1065.0791379102166
2.61193,7.3282833,0.13,705.2573643203947
2.1299,5.1829123,0.194,577.3224433192429
1.62545,3.2754986,0.084,877.3637018733986
1.77118,3.7895405,0.113,756.4497508632397
2.38773,6.2925768,0.185,591.1986609476273
1.74876,3.7084594,0.314,453.78954089146043
2.3541,6.1428456,0.079,904.7024372033966
3.03791,9.4710941,0.136,689.5247377011995
2.23079,5.6065874,0.065,997.3845295854051
1.84965,4.0789714,0.089,852.3624373552319
1.47972,2.7926567,0.046,1185.6060043804741
3.1388,10.011282,0.248,510.61487874700686
2.94823,9.0013132,0.057,1065.0791379102166
3.57599,12.492237,0.165,626.0043251407341
2.81371,8.3151703,0.272,487.56761782439366
2.37652,6.2425017,0.849,275.97227948964945
0.80712,0.45085979,0.046,1185.6060043804741
1.5694,3.086051,0.076,922.3855904710771
0.97527,0.88841861,0.163,629.8331334697436
1.33399,2.3419147,0.226,534.8907484622713
1.71513,3.5881927,0.037,1321.9603940857448
2.92581,8.8854055,0.059,1046.8713152480318
2.73524,7.9252992,0.087,862.104038649545
2.63435,7.4354,0.13,705.2573643203947
3.16122,10.132992,0.048,1160.6430822560135
4.64094,19.446737,0.091,842.9437787795051
3.68809,13.164352,0.18,599.3535104624514
2.99307,7.3990359,0.077054127,916.0545870247573
3.44147,5.1011394,0.093342236,832.3005964361519
5.23507,7.9997308,0.1224246,726.7498638214324
4.5961,4.7992028,0.14834403,660.2133006215969
1.39004,2.511416,0.038,1304.4502117817126
3.11638,9.8901768,0.058,1055.8574999420066
2.29805,5.8965974,0.089,852.3624373552319
1.97296,4.5513229,0.124,722.1184866735106
1.19947,1.8651456,0.056,1074.546694214584
1.83844,4.0370889,0.111,763.2341893834284
1.54698,3.011575,0.047,1172.925361673361
2.27563,5.7992597,0.058,1055.8574999420066
1.22189,1.9931486,0.076,922.3855904710771
3.10517,9.8298521,0.09,847.6138631519235
3.03791,9.4710941,0.29,472.1938288846614
1.52456,2.9378483,0.038,1304.4502117817126
2.70161,7.7605729,0.052,1115.109803929808
4.0356,15.338906,0.101,800.1264348768311
2.19716,5.4638433,0.062,1021.2297574940137
4.92119,21.482244,0.117,743.4065359532053
3.84503,14.129491,0.22,542.1356484508093
1.9057,254.2624,0.075,928.5144658048108
3.19485,858.13561,0.099,808.1681086412922
2.19716,5.4638433,0.124,722.1184866735106
4.2598,16.813589,0.191,581.8387242167861
2.04022,4.8178725,0.38,412.5033763519221
1.72634,3.6281006,0.074,934.7671591180709
1.92812,4.3771005,0.114,753.1246809166362
3.08275,9.7096567,0.054,1094.264792000644
3.83382,14.059624,0.101,800.1264348768311
2.43257,6.4945178,0.077,916.3764998564096
2.71282,7.8153238,0.287,474.65532512319203
3.6993,13.232358,0.04,1271.4207947278853
3.50873,12.09594,0.077,916.3764998564096
2.23079,5.6065874,0.037,1321.9603940857448
1.27794,2.1773119,0.065,997.3845295854051
2.05143,4.8629026,0.122,728.0134292732017
2.21958,5.5588379,0.213,550.9719686924067
1.5694,3.086051,0.065,997.3845295854051
1.99538,4.6394796,0.132,699.894112611781
1.41246,2.5805743,0.05,1137.193330007343
2.08506,4.999023,0.071,954.3114433214972
1.72634,3.6281006,0.034,1379.049475402399
2.38773,6.2925768,0.069,968.0432489040396
3.07154,9.6497879,0.115,749.8430762827733
2.33168,6.0438495,0.095,825.0067527038442
2.51104,6.8541965,0.268,491.1927057875338
2.39894,508.5248,0.08,899.0302656936772
2.8025,508.5248,0.106,781.0275856424813
1.67029,3.4303813,0.051,1125.9891815962333
2.78008,8.1471405,0.138,684.5099457819033
1.36762,2.4430315,0.048,1160.6430822560135
2.19716,5.4638433,0.074,934.7671591180709
2.33168,6.0438495,0.094,829.3834770649174
2.56709,7.1159697,0.189,584.9091345822658
2.61193,7.3282833,0.075,928.5144658048108
1.99538,4.6394796,0.109,770.2045093044051
2.45499,6.5964694,0.062,1021.2297574940137
1.99538,4.6394796,0.142,674.8000929365522
2.75766,8.0359058,0.05,1137.193330007343
2.05143,4.8629026,0.087,862.104038649545
2.30926,5.9455152,0.14,679.6030011845124
2.56709,7.1159697,0.071,954.3114433214972
2.17474,5.369523,0.124,722.1184866735106
3.0267,9.4118347,0.202,565.7748279080238
2.34289,6.0932651,0.052,1115.109803929808
1.50214,2.8648744,0.095,825.0067527038442
1.63666,3.3139434,0.042,1240.7796463232253
4.09165,15.702355,0.084,877.3637018733986
3.94592,14.764686,0.14,679.6030011845124
3.01549,9.3527288,0.066,989.799746280663
4.06923,15.556556,0.123,725.047985463634
1.08737,1.3121437,0.035,1359.2060023690249
1.51335,2.9012671,0.058,1055.8574999420066
1.5694,3.086051,0.097,816.4572292044458
2.74645,8.7402701,0.070264492,959.293165967627
5.21265,15.223961,0.11298806,756.4897186767581
10.019274,71.829129,0.51114743,355.6691648451521
1.13221,1.5166428,0.048,1160.6430822560135
2.27563,5.7992597,0.069,968.0432489040396
2.17474,5.369523,0.127,713.5385564775011
1.33399,2.3419147,0.053,1104.539804203111
2.76887,8.091445,0.122,728.0134292732017
2.76887,8.091445,0.182,596.051262134001
2.76887,8.091445,0.404,400.06321743841556
1.2331,2.0491991,0.058,1055.8574999420066
2.15232,5.2758784,0.08,899.0302656936772
1.62545,3.2754986,0.046,1185.6060043804741
2.64556,7.4891982,0.089,852.3624373552319
3.17243,10.194074,0.13,705.2573643203947
3.86745,14.269652,0.064,1005.1463939603796
2.15232,5.2758784,0.105,784.7379513519116
2.49983,6.8023267,0.139,682.0432352519493
1.54698,3.011575,0.063,1013.0923389076265
2.99307,9.2349758,0.092,838.3500455129208
1.59182,3.1612732,0.027,1547.5241096746847
2.15232,5.2758784,0.045,1198.7070209249027
2.47741,6.6990733,0.064,1005.1463939603796
2.3541,6.1428456,0.096,820.698594000483
2.61193,7.3282833,0.034,1379.049475402399
5.41443,25.264374,0.066,989.799746280663
4.95482,21.73208,0.16,635.7103973639427
4.05802,15.483866,0.103,792.3201366483385
3.60962,12.69235,0.193,578.8161649447469
2.8025,8.2590046,0.079,904.7024372033966
2.70161,7.7605729,0.217,545.8702665315482
2.78008,5.1202091,0.084808567,873.1712815372499
2.72403,6.2008243,0.10639778,779.5662390222349
1.06495,1.2177294,0.039,1287.617890949731
2.41015,6.3932195,0.22,542.1356484508093
2.00659,4.6838183,0.075,928.5144658048108
1.73755,3.6681895,0.332,441.3166004574673
2.17474,5.369523,0.088,857.1917249384462
1.99538,4.6394796,0.156,643.8089454748655
1.35641,2.4091308,0.108,773.7620548373424
1.63666,3.3139434,0.152,652.2251058908563
2.66798,7.5972714,0.12,734.0551380894325
2.4662,6.6476898,0.242,516.9060590942469
3.32937,11.064977,0.249,509.58851614393853
2.82492,8.3714933,0.566,337.99563395119435
1.86086,4.1210313,0.069,968.0432489040396
2.63435,7.4354,0.127,713.5385564775011
2.48862,6.7506189,0.236,523.4356576240159
2.58951,7.2218056,0.319,450.21915071415935
2.47741,6.6990733,0.071,954.3114433214972
3.88987,14.410382,0.457,376.1501210239083
1.98417,4.5953145,0.037,1321.9603940857448
2.1299,5.1829123,0.06,1038.1107318157306
2.27563,5.7992597,0.154,647.9760371684606
2.54467,7.010777,0.18,599.3535104624514
3.38542,11.383095,0.391,406.65950457542885
2.4662,6.6476898,0.061,1029.566465267908
1.69271,3.5089223,0.081,893.4634612981152
4.00197,2895.4131,0.118,740.2498060415633
4.89877,4386.0264,0.191,581.8387242167861
2.00659,4.6838183,0.107,777.3693566993334
1.77118,3.7895405,0.18,599.3535104624514
1.2331,2.0491991,0.090212204,846.6163653464108
0.95285,0.81736451,0.071807461,948.9307506133598
0.66139,0.22083892,0.057062148,1064.4989759863627
1.43488,2.6505029,0.038,1304.4502117817126
1.7936,3.871341,0.061,1029.566465267908
2.25321,5.702589,0.091,842.9437787795051
1.50214,2.8648744,0.037,1321.9603940857448
1.98417,4.5953145,0.073,941.147896393413
1.53577,2.9746177,0.101,800.1264348768311
1.83844,4.0370889,0.204,562.9945907981166
2.34289,6.0932651,0.098,812.280950005245
3.38542,11.383095,0.132,699.894112611781
3.32937,11.064977,0.224,537.273347107292
2.86976,8.5983448,0.119,737.1329509094451
4.06923,15.556556,0.207,558.9000303419471
3.5872,12.558796,0.294,468.9706251431332
3.62083,12.759345,0.112,759.8192541807199
3.59841,479.92028,0.062,1021.2297574940137
3.39663,432.24608,0.081,893.4634612981152
1.44609,2.685755,0.032,1421.4916625091787
2.00659,4.6838183,0.056,1074.546694214584
2.82492,8.3714933,0.117,743.4065359532053
5.31354,24.47032,0.215,548.40332081611
1.0089,1.0032039,0.082,887.998801709389
1.19947,1.8651456,0.106,781.0275856424813
2.1299,5.1829123,0.082,887.998801709389
1.81602,3.9538581,0.341,435.4538317227801
2.242,5.6545043,0.104,788.5017041263686
2.61193,7.3282833,0.213,550.9719686924067
1.3452,2.3754251,0.036,1340.1951919471728
1.121,1.4635061,0.064,1005.1463939603796
1.24431,2.0809278,0.027,1547.5241096746847
1.36762,2.4430315,0.042,1240.7796463232253
1.33399,2.3419147,0.061,1029.566465267908
1.77118,3.7895405,0.176,606.1260814809691
2.33168,6.0438495,0.145,667.7829168775686
3.26211,10.688141,0.246,512.6863472069809
1.67029,3.4303813,0.065,997.3845295854051
2.84734,8.4846077,0.14,679.6030011845124
2.66798,7.5972714,0.287,474.65532512319203
2.15232,7.3100441,0.21,554.8935268553757
11.59114,133.48776,0.51,356.06904345530444
2.67919,4.131764,0.33,442.6519033591215
3.35179,4.5099794,0.092233171,837.2896752666854
3.1388,4.0014546,0.1090352,770.080176120405
2.25321,5.702589,0.11,766.6955866850669
2.70161,7.7605729,0.205,561.6197545803783
2.16353,5.3226161,0.047,1172.925361673361
1.88328,4.2056823,0.065,997.3845295854051
1.32278,2.3086002,0.035,1359.2060023690249
1.46851,2.7568324,0.045,1198.7070209249027
2.23079,5.6065874,0.068,975.1352356487873
2.66798,7.5972714,0.097,816.4572292044458
2.3541,6.1428456,0.141,677.1887733014543
3.07154,9.6497879,0.144,670.0975959735864
3.83382,14.059624,0.286,475.48441802599876
1.77118,3.7895405,0.048,1160.6430822560135
2.71282,7.8153238,0.071,954.3114433214972
1.22189,1.9931486,0.099,808.1681086412922
1.16584,1.6844027,0.142,674.8000929365522
1.35641,2.4091308,0.192,580.3215411280067
1.61424,3.2372384,0.079,904.7024372033966
1.99538,4.6394796,0.0521,1114.0391269628785
2.08506,4.999023,0.118,740.2498060415633
1.52456,2.9378483,0.169,618.5516270525413
1.80481,3.9125102,0.255,503.55767039570645
2.86976,8.5983448,0.217,545.8702665315482
6.53543,34.773994,0.336,438.6818509366993
1.96175,4.5075054,0.08,899.0302656936772
1.92812,4.3771005,0.136,689.5247377011995
2.49983,6.8023267,0.305,460.4361207386436
1.32278,2.3086002,0.04,1271.4207947278853
2.64556,7.4891982,0.07,961.1037813045959
1.86086,4.1210313,0.118,740.2498060415633
1.87207,4.1632686,0.22,542.1356484508093
3.90108,11.441808,0.18,599.3535104624514
12.29737,638.83429,0.3,464.2572329024054
8.79985,23.201444,0.5,359.61210627747084
1.67029,3.4303813,0.094,829.3834770649174
2.25321,5.702589,0.232,527.9287499710033
1.3452,2.3754251,0.036,1340.1951919471728
1.3452,2.3754251,0.06,1038.1107318157306
1.74876,3.7084594,0.112,759.8192541807199
4.05802,15.483866,0.193,578.8161649447469
12.45431,103.92352,0.503,358.5381005750092
0.88559,0.62873346,0.024,1641.397188000966
1.14342,1.5711567,0.057,1065.0791379102166
2.85855,8.541399,0.039,1287.617890949731
2.17474,5.369523,0.054,1094.264792000644
2.74645,7.9805236,0.08,899.0302656936772
2.71282,7.8153238,0.121,731.0155592439124
1.52456,2.9378483,0.05,1137.193330007343
2.3541,6.1428456,0.067,982.3854115750676
2.4662,6.6476898,0.12,734.0551380894325
2.27563,5.7992597,0.227,533.7112745937226
2.43257,7.4403535,0.09046017,845.4552126776015
2.19716,3.6391306,0.10522154,783.9113979137549
2.11869,5.1366839,0.09,847.6138631519235
2.16353,5.3226161,0.123,725.047985463634
1.55819,3.0487196,0.059,1046.8713152480318
2.51104,6.8541965,0.401,401.5569247530242
5.50411,25.978928,0.16,635.7103973639427
5.30233,1493.7916,0.26,498.69226479270253
3.90108,2161.2304,0.4,402.05855758415186
1.18826,1.8034186,0.111,763.2341893834284
3.38542,11.383095,0.281,479.69605401464617
2.4662,6.6476898,0.392,406.1404750026225
1.70392,3.5484667,0.087,862.104038649545
1.43488,2.6505029,0.145,667.7829168775686
1.28915,2.2098374,0.031,1444.2369733470211
3.15001,10.072062,0.153,650.0901570991916
2.53346,6.9584217,0.125,719.2242125549417
2.56709,7.1159697,0.208,557.554901964904
0.82954,0.49738312,0.035,1359.2060023690249
2.90339,8.7701168,0.064,1005.1463939603796
3.76656,13.643414,0.402,401.05716485215976
4.1477,16.069294,0.791,285.91113144298566
1.06495,1.2177294,0.027,1547.5241096746847
1.15463,1.6270695,0.058,1055.8574999420066
2.08506,4.999023,0.061,1029.566465267908
1.71513,3.5881927,0.083,882.6332009149346
4.7082,19.927654,0.056,1074.546694214584
3.67688,13.09649,0.105,784.7379513519116
1.62545,3.2754986,0.051,1125.9891815962333
2.63435,7.4354,0.069,968.0432489040396
2.28684,5.8478451,0.191,581.8387242167861
2.19716,1303.0948,0.05,1137.193330007343
1.99538,158.914,0.09,847.6138631519235
2.70161,7.7605729,0.13,705.2573643203947
1.50214,2.8648744,0.033,1399.788225223562
0.81833,0.47370976,0.013,2230.219607859616
1.14342,1.5711567,0.085,872.1874696663859
1.36762,2.4430315,0.142,674.8000929365522
1.77118,3.7895405,0.057,1065.0791379102166
2.32047,5.9945993,0.11,766.6955866850669
1.0089,1.0032039,0.027,1547.5241096746847
1.67029,3.4303813,0.051,1125.9891815962333
1.43488,2.6505029,0.028,1519.6385083614398
1.62545,3.2754986,0.046,1185.6060043804741
1.14342,1.5711567,0.05,1137.193330007343
3.15001,10.072062,0.26,498.69226479270253
2.9146,8.8276834,0.053,1104.539804203111
2.54467,7.010777,0.105,784.7379513519116
2.79129,8.2029943,0.22,542.1356484508093
1.52456,2.9378483,0.032,1421.4916625091787
1.40125,2.5458987,0.051,1125.9891815962333
1.21068,1.9283813,0.066,989.799746280663
1.10979,1.4117248,0.029,1493.2079963513352
1.03132,1.0854299,0.047,1172.925361673361
1.72634,3.6281006,0.09,847.6138631519235
2.29805,28.60452,0.21579013,547.3983923422442
5.40322,39.410672,0.34733527,431.4642956940393
1.40125,2.5458987,0.061,1029.566465267908
1.92812,4.3771005,0.113,756.4497508632397
1.73755,3.6681895,0.0677,977.2934129157429
3.19485,10.316689,0.1189,737.442865975023
5.34717,24.733847,0.1662,623.7402876148532
4.02439,15.266637,0.2138,549.9401850740728
4.46158,18.188009,0.2535,505.04528861568184
1.3452,2.3754251,0.075,928.5144658048108
1.95054,4.4638619,0.116,746.6039981756676
1.81602,3.9538581,0.065,997.3845295854051
1.83844,4.0370889,0.105,784.7379513519116
1.63666,3.3139434,0.159,637.7063532873227
1.16584,1.6844027,0.07,961.1037813045959
1.08737,1.3121437,0.114,753.1246809166362
1.17705,1.7431784,0.189,584.9091345822658
1.32278,2.3086002,0.087,862.104038649545
1.10979,1.4117248,0.135,692.073821210487
1.121,1.4635061,0.061,1029.566465267908
1.43488,2.6505029,0.107,777.3693566993334
1.41246,2.5805743,0.168,620.3898231616126
3.38542,11.383095,0.075,928.5144658048108
3.07154,9.6497879,0.356,426.18121867761596
1.02011,1.0437331,0.033,1399.788225223562
2.09627,5.0447392,0.092,838.3500455129208
2.36531,6.1925912,0.154,647.9760371684606
1.53577,2.9746177,0.045,1198.7070209249027
2.05143,4.8629026,0.093,833.830605335513
2.44378,6.5454121,0.117,743.4065359532053
2.34289,6.0932651,0.172,613.1335522157236
3.00428,9.2937756,0.257,501.5944751224671
1.42367,2.6154425,0.055,1084.2712969016186
1.15463,1.6270695,0.069,968.0432489040396
1.16584,1.6844027,0.091,842.9437787795051
8.56444,69.922161,1.0896,243.60475357484643
2.53346,6.9584217,0.134,694.6513862634677
3.37421,11.319175,0.178,602.7112594825784
1.17705,1.7431784,0.06,1038.1107318157306
1.70392,3.5484667,0.08,899.0302656936772
1.84965,4.0789714,0.182,596.051262134001
1.99538,4.6394796,0.242,516.9060590942469
2.25321,5.702589,0.128,710.7458312545893
1.96175,4.5075054,0.185,591.1986609476273
2.48862,6.7506189,0.242,516.9060590942469
2.41015,6.3932195,0.088,857.1917249384462
2.0178,4.7283306,0.167,622.2445053955615
2.61193,7.3282833,0.153,650.0901570991916
2.94823,9.0013132,0.488,364.00671463660086
0.73986,0.33006436,0.066,989.799746280663
1.19947,1.8651456,0.077,916.3764998564096
2.65677,7.5431552,0.071,954.3114433214972
3.07154,9.6497879,0.168,620.3898231616126
1.97296,4.5513229,0.11,766.6955866850669
1.74876,3.7084594,0.183,594.4204758710381
1.52456,2.9378483,0.076,922.3855904710771
1.33399,2.3419147,0.138,684.5099457819033
1.9057,4.2910395,0.065,997.3845295854051
1.96175,4.5075054,0.105,784.7379513519116
8.16088,40.364156,0.60347,327.33426062811185
1.84965,4.0789714,0.104,788.5017041263686
3.06033,9.5900707,0.214,549.6831436087227
3.19485,10.316689,0.287,474.65532512319203
0.86317,0.57352358,0.085,872.1874696663859
1.24431,2.0809278,0.118,740.2498060415633
0.88559,0.62873346,0.051,1125.9891815962333
1.37883,2.4771268,0.065,997.3845295854051
1.83844,4.0370889,0.054,1094.264792000644
1.31157,2.2754822,0.115,749.8430762827733
1.24431,2.0809278,0.146,665.4920596392366
1.4573,2.7211983,0.102,796.1945858493874
2.71282,7.8153238,0.179,601.0253505592402
1.5694,3.086051,0.057,1065.0791379102166
1.80481,3.9125102,0.115,749.8430762827733
1.83844,4.0370889,0.063,1013.0923389076265
2.66798,7.5972714,0.12,734.0551380894325
3.43026,11.640251,0.246,512.6863472069809
2.72403,7.8702326,0.21,554.8935268553757
2.84734,8.4846077,0.381,411.9616776594622
3.53115,12.227455,0.178,602.7112594825784
4.30464,17.115175,0.307,458.9338781674714
4.01318,15.194508,0.372,416.9153026677565
1.49093,4.449592,0.1153,748.8669295340073
3.67688,7.9457001,0.1283,709.9143872211833
1.64787,3.3525722,0.044,1212.2521629619382
2.09627,5.0447392,0.075,928.5144658048108
1.44609,2.685755,0.086,867.1017850894685
2.52225,6.9062285,0.3,464.2572329024054
0.88559,0.62873346,0.087,862.104038649545
1.44609,2.685755,0.207,558.9000303419471
1.15463,1.6270695,0.048,1160.6430822560135
1.69271,3.5089223,0.079,904.7024372033966
2.05143,4.8629026,0.107,777.3693566993334
1.54698,3.011575,0.178,602.7112594825784
2.15232,5.2758784,0.312,455.2416711338376
2.04022,4.8178725,0.098,812.280950005245
1.63666,3.3139434,0.137,687.0036150451508
1.4573,2.7211983,0.045,1198.7070209249027
1.7936,3.871341,0.11,766.6955866850669
1.30036,2.2425611,0.201,567.1804818208266
1.19947,1.8651456,0.253,505.5440988988601
3.26211,10.688141,0.186,589.6072753936252
3.87866,14.339947,0.36,423.80693157596176
1.13221,1.5166428,0.03,1468.110276178865
1.41246,2.5805743,0.094,829.3834770649174
0.3363,3.17828,0.10520717,783.9649323931822
0.75107,12.001185,0.14353668,671.1782238716193
1.93933,12.201417,0.21771146,544.9776110323428
0.0,0.0,0.25753722,501.07104154494886
1.59182,3.1612732,0.054,1094.264792000644
1.9057,4.2910395,0.14,679.6030011845124
1.89449,4.2482729,0.2,568.5966650036715
1.78239,3.8303511,0.313,454.5138662381446
1.35641,2.4091308,0.075,928.5144658048108
2.08506,4.999023,0.154,647.9760371684606
1.69271,3.5089223,0.201,567.1804818208266
1.35641,2.4091308,0.06,1038.1107318157306
1.24431,2.0809278,0.126,716.3644628097227
1.03132,1.0854299,0.029,1493.2079963513352
1.09858,1.3612778,0.042,1240.7796463232253
1.31157,2.2754822,0.056,1074.546694214584
1.44609,2.685755,0.101,800.1264348768311
2.64556,7.4891982,0.141,677.1887733014543
1.06495,1.2177294,0.057,1065.0791379102166
1.7936,3.871341,0.115,749.8430762827733
1.39004,2.511416,0.109,770.2045093044051
2.06264,4.9081044,0.182,596.051262134001
0.75107,0.34834272,0.112,759.8192541807199
0.69502,0.26380241,0.166,624.1159216673386
1.65908,3.3913851,0.152,652.2251058908563
2.28684,5.8478451,0.326,445.35927969242755
4.30464,122.04595,0.4632,373.6242278911084
1.18826,1.8034186,0.05,1137.193330007343
1.26673,2.1449845,0.078,910.4833422676752
0.98648,0.92556667,0.066,989.799746280663
1.121,1.4635061,0.117,743.4065359532053
1.32278,2.3086002,0.055,1084.2712969016186
1.59182,3.1612732,0.097,816.4572292044458
1.32278,2.3086002,0.095,825.0067527038442
1.24431,2.0809278,0.172,613.1335522157236
1.121,1.4635061,0.148,660.9801970428724
1.13221,1.5166428,0.236,523.4356576240159
2.73524,7.9252992,0.097,816.4572292044458
3.03791,9.4710941,0.127,713.5385564775011
1.39004,2.511416,0.096,820.698594000483
1.58061,3.123569,0.155,645.8824096044982
1.03132,1.0854299,0.068,975.1352356487873
0.88559,0.62873346,0.098,812.280950005245
0.80712,0.45085979,0.036,1340.1951919471728
0.86317,0.57352358,0.093,833.830605335513
1.51335,2.9012671,0.041,1255.8199487484746
1.4573,2.7211983,0.11,766.6955866850669
13.9004,6388.3429,0.164,627.9099743742373
0.81833,0.47370976,0.065,997.3845295854051
0.7847,0.40755892,0.101,800.1264348768311
3.19485,10.316689,0.082,887.998801709389
3.54236,12.293432,0.161,633.7330662991054
0.99769,0.96382171,0.059,1046.8713152480318
1.09858,1.3612778,0.093,833.830605335513
1.28915,2.2098374,0.091,842.9437787795051
1.33399,2.3419147,0.124,722.1184866735106
1.60303,3.1991632,0.083,882.6332009149346
1.65908,3.3913851,0.11,766.6955866850669
1.03132,1.0854299,0.061,1029.566465267908
1.32278,2.3086002,0.177,604.4114356653487
2.45499,6.5964694,0.144,670.0975959735864
6.17671,31.595839,0.48,367.02756904471624
0.93043,0.75050199,0.044,1212.2521629619382
1.0089,1.0032039,0.087,862.104038649545
0.96406,0.85235786,0.103,792.3201366483385
1.43488,2.6505029,0.155,645.8824096044982
1.89449,4.2482729,0.261,497.73599878377837
4.00197,24.472756,0.0456,1190.7946768920588
13.1157,699.22161,0.08,899.0302656936772
1.64787,3.3525722,0.087,862.104038649545
1.49093,2.8286707,0.134,694.6513862634677
1.71513,3.5881927,0.122,728.0134292732017
2.15232,5.2758784,0.269,490.2788581015261
1.22189,1.9931486,0.051,1125.9891815962333
1.55819,3.0487196,0.068,975.1352356487873
1.37883,2.4771268,0.087,862.104038649545
1.4573,2.7211983,0.102,796.1945858493874
1.25552,2.1128564,0.076,922.3855904710771
1.74876,3.7084594,0.297,466.5960750745207
1.26673,2.1449845,0.102,796.1945858493874
1.71513,3.5881927,0.118,740.2498060415633
2.08506,4.999023,0.095,825.0067527038442
4.66336,19.606506,0.188,586.4626808366805
1.43488,6.3565601,0.036135379,1337.6823562980878
0.85196,2.860452,0.055540116,1078.9862608656738
1.06495,3.200528,0.014971354,2078.2068223820193
12.314344,4004.6328,4.0699628,126.04455405053695
0.81833,4.9994345,0.036632321,1328.5780954095808
1.18826,22.000054,0.32001006,449.50806719743844
14.4609,177.98368,0.03101,1444.0040882413637
2.83613,8.4279728,0.1226,726.229808555178
2.39894,25.601046,0.0375,1313.117750400773
4.41674,26.398794,0.0739,935.3993994061924
3.31816,15.198535,0.279,481.41232444900703
3.2821388,10.799796,0.186,589.6072753936252
15.03261,299.07615,0.02897,1493.980945068281
4.34948,67.061709,0.3553,426.60083598592286
1.71513,3.496108,0.052808617,1106.539468041781
3.01549,29.875832,0.069988396,961.1834529836151
1.21068,119.82116,0.044399166,1206.7905473815508
0.0,0.0,0.072468083,944.5956024361726
2.47741,58.162525,0.066876745,983.2902715179185
0.0,0.0,0.10374399,789.4740011195934
2.30926,11.12398,0.10082988,800.8011363798881
0.0,0.0,0.11966591,735.0791120456535
13.452,349.6108,0.3806502,412.1509210957836
10.7616,794.57001,0.37,418.04058218447375
12.613667,2320.1444,1.68,196.1844878379779
0.7847,0.40755892,0.0116,2360.969144423307
0.72865,0.31248784,0.006,3282.794376001932
0.57171,0.13099629,0.0154,2049.0801466622584
4.15891,16.143101,1.219,230.3124700761278
12.8915,136.66604,0.082,887.998801709389
13.36232,189.10766,0.03585,1342.9960208996476
9.9769,327.36284,0.044,1212.2521629619382
12.639368,2215.2612,0.73,297.6170967679355
10.96338,79.457001,0.0464,1180.4845722116536
12.2189,108.06152,0.0414,1249.7384604712888
13.7883,92.170121,0.091,842.9437787795051
12.1068,403.64156,0.0433,1222.0116823285007
13.66499,1026.5844,0.046,1185.6060043804741
3.2509,10.625858,0.2244,536.794280273635
1.7936,3.871341,0.4757,368.68267528172436
0.76228,0.36733988,0.0719,948.3198926444863
0.6726,0.23455125,0.0847,873.7307102769055
1.121,1.4635061,0.1045,786.6130745781054
12.83545,1719.4495,0.301,463.485399894983
13.239175,772.32205,1.1772287,234.36291183495499
16.2545,896.27497,0.0679,975.853038643042
12.6673,908.98809,0.1143,752.1356789391983
22.3079,266.97552,0.0948,825.8765544770022
2.6904,7.7059808,0.339,436.7364672893168
2.33168,6.0438495,0.11555109,748.0528512922036
2.1299,5.1829123,0.288,473.8305541697263
1.121,1.4635061,0.166,624.1159216673386
2.242,5.6545043,0.563,338.89495873534855
12.2189,317.828,0.0446,1204.0703900831033
1.9057,4.2910395,0.242,516.9060590942469
1.6815,3.4695604,0.64,317.85519868197133
1.3452,2.3754251,0.409,397.6103235767595
2.3541,6.1428456,0.495,361.42376563387285
0.40356,0.03759075,0.04178,1244.0421298104843
0.49324,0.077169769,0.04881,1150.9723803893671
0.52687,0.097750299,0.06,1038.1107318157306
0.54929,0.11349749,0.0696,963.8616170487444
0.73986,0.33006436,0.0811,892.9124507854551
1.5694,3.086051,0.02289888,1680.3981135305737
2.4662,6.6476898,0.031746273,1427.1608796432265
1.2331,2.0491991,0.04475104,1202.0367333984852
1.4573,2.7211983,0.015924616,2015.0453354860074
1.121,1.4635061,0.024766731,1615.7901724702722
1.3452,2.3754251,0.035220425,1354.9460705582114
18.4965,435.42436,0.0769,916.9721297534603
2.05143,4.8629026,0.10477948,785.5633012094792
2.76887,8.091445,0.20196934,565.8177700643565
10.7616,160.50314,0.03,1468.110276178865
6.14308,31.304325,0.20155413,566.4002744459409
2.62314,7.381762,0.13393111,694.8300168365311
0.84075,0.52189779,0.082964621,882.8213736041654
1.62545,3.2754986,1.046,248.6299620352764
6.19913,15.999462,0.7903,286.03772482153465
2.3541,6.3565601,0.089268696,851.0786783883952
12.890117,1417.5129,1.2045223,231.6924508420331
4.20375,16.439711,0.14671057,663.8784994766422
9.05768,1906.968,0.1968,573.2007617454343
13.522346,119.50333,0.2799,480.6377264823391
1.63666,3.3139434,0.067,982.3854115750676
5.51532,26.068821,0.72961,297.69662909411505
2.5783,7.1688075,0.079759797,900.382998723952
3.76656,13.643414,0.44040929,383.16962170502416
3.04912,9.5305061,0.080704853,895.0957200292347
3.29574,10.875888,0.07815223,909.5961606739045
2.94823,9.0013132,0.096921868,816.7862498198049
2.84734,8.4846077,0.27290852,486.75537823640025
1.25552,2.1128564,0.047501637,1166.7156345438088
2.25321,5.702589,0.17000214,616.7257925345594
13.3399,116.77879,0.21999561,542.1410575669815
3.04912,2.0690603,0.2877,474.0775338863514
4.65215,3.1687452,0.9638,259.01555429618094
7.03988,19.018828,0.6992,304.10152364913563
14.43848,1000.0,0.18549074,590.4160963411102
14.96535,1000.0,0.06546986,993.7991016006761
3.21727,10.439906,0.048066286,1159.842511458611
4.08044,15.629386,0.11894123,737.3150406418235
3.06033,9.5900707,0.061939353,1021.7295961664737
2.48862,6.7506189,0.039606289,1277.7245221202522
3.08275,9.7096567,0.11481707,750.440174789403
2.07385,4.9534779,0.093057219,833.5742131377879
2.71282,7.8153238,0.10363553,789.8870059971862
2.11869,5.1366839,0.10018356,803.3801109586348
1.88328,3.9410672,0.053190557,1102.5595030673012
2.71282,14.610553,0.085128113,871.5309261281932
2.04022,7.9457001,0.22976419,530.4911397085564
13.333759,656.95048,1.8524428,186.83012423732092
2.78008,8.1471405,0.060967511,1029.8407517631902
2.49983,6.8023267,0.091489748,840.684596761426
2.36531,6.1925912,0.26130484,497.4455829614644
3.20606,10.378222,0.2061562,560.0426548775835
2.27563,5.7992597,0.089863433,848.2576852987439
14.41606,1000.0,0.043848893,1214.339128368987
10.99701,84.131096,0.17603163,606.0716235711952
11.42299,89.738525,0.11715503,742.914502158778
2.67919,7.651547,0.2167561,546.1772943994729
15.79489,1000.0,0.042738323,1230.015452456928
7.72369,46.177521,0.12239057,726.8508911269091
1.60303,3.1991632,0.031,1444.2369733470211
1.55819,3.0487196,0.116,746.6039981756676
11.64719,92.749298,0.044214741,1209.3047625602742
8.92316,59.002686,0.051812135,1117.1296063360892
9.59576,66.750618,0.098894836,808.5976943099788
15.1335,1000.0,0.045131238,1196.962880379792
7.14077,40.417568,0.080960791,893.6797855706768
5.23507,23.859943,0.042179649,1238.134500139723
2.32047,5.9945993,0.076330129,920.3887630120107
6.04219,30.436462,0.047064151,1172.1257085265581
3.0267,9.4118347,0.087871271,857.8193763233731
2.17474,5.369523,0.05913141,1045.7074171099785
15.98546,670.93491,0.0538,1096.2968546459858
1.71513,3.5881927,0.077,916.3764998564096
2.17474,5.369523,0.087,862.104038649545
2.5783,7.1688075,0.082086608,887.5302228584267
4.30464,17.115175,0.062614677,1016.2047805109639
4.77546,20.413389,0.054096436,1093.2890013668414
1.59182,3.1612732,0.060859421,1030.7548756828658
2.60072,7.2749643,0.14613365,665.1876692428017
2.73524,7.9252992,0.075028704,928.3368362617925
1.30036,2.2425611,0.048005019,1160.5824071430839
1.63666,3.3139434,0.17721931,604.0373384343906
2.48862,6.7506189,0.243062,515.7755755578366
7.09593,2.224796,0.2514,507.1502795903223
9.00163,4.131764,0.384,410.3492970002415
9.69665,7.6278721,0.509,356.41864495675367
2.4662,6.6476898,0.13763182,685.4249033469292
6.35607,33.16927,0.87028329,272.5768594957906
2.6904,7.7059808,0.21822892,544.3311076181583
2.19716,5.4638433,0.18532364,590.6822153868565
1.71513,3.5881927,0.067406824,979.4164035074017
1.4573,2.7211983,0.13902235,681.9884085315656
5.73952,27.8934,0.19571286,574.7905563766963
2.66798,7.5972714,0.29782667,465.9480655989094
2.10748,5.0906262,0.080467826,896.4130530356316
2.09627,5.0447392,0.15793236,639.8582050178217
1.95054,4.4638619,0.182,596.051262134001
1.65908,3.3913851,0.14719892,662.7763364667052
1.06495,1.2177294,0.060709529,1032.0265595807975
3.18364,10.255306,0.17043254,615.946579322721
6.90536,38.181458,0.25800197,500.61953775983994
1.96175,4.5075054,0.061907969,1021.9885442410564
1.9057,4.2910395,0.080372918,896.9421595514904
0.96406,0.85235786,0.030770636,1449.6096436504693
2.63435,7.4354,0.13543516,690.9610926313235
1.99538,4.6394796,0.063551278,1008.6887140666977
2.83613,8.4279728,0.11916856,736.6114412990717
2.08506,4.999023,0.14359668,671.0379876873378
1.86086,4.1210313,0.031559726,1431.3725815958198
1.99538,4.6394796,0.10970426,767.7283175274093
2.89218,5851.2135,0.13667462,687.8209004750989
3.17243,5002.6128,0.22181805,539.9093697000388
2.11869,5.1366839,0.091,842.9437787795051
3.01549,9.3527288,0.22392259,537.3662067334207
2.78008,8.1471405,0.17345037,610.5646983264993
2.56709,7.1159697,0.10287294,792.8092892393312
3.38542,11.383095,0.16809372,620.2168510814288
2.242,5.6545043,0.12606473,716.1805246630256
2.36531,6.1925912,0.059675647,1040.928112550866
3.10517,9.8298521,0.028440958,1507.8120002663482
1.41246,2.5805743,0.043887601,1213.803498637876
2.26442,5.7508411,0.36353702,421.74018526688053
8.37387,308.29316,0.4988,360.04441912394714
13.246413,762.78721,2.42,163.4600483079413
1.52456,2.9378483,0.126,716.3644628097227
2.71282,7.8153238,0.61081948,325.35903136573046
3.363,11.255403,0.064837819,998.6311461223496
1.5694,3.086051,0.10637602,779.645967959051
2.49983,6.8023267,0.10043325,802.3808362563279
2.11869,5.1366839,0.15854654,638.6176562106712
2.6904,7.7059808,0.11099843,763.2395870878833
6.99504,39.027138,0.05229273,1111.9842814909405
4.00197,15.122519,0.059540057,1042.1126863267268
11.9947,97.496368,0.051703107,1118.306849555532
2.56709,7.1159697,0.22995506,530.2709317606548
2.92581,8.8854055,0.44863647,379.6400470218739
1.59182,3.1612732,0.029,1493.2079963513352
1.54698,3.011575,0.048,1160.6430822560135
1.59182,3.1612732,0.081,893.4634612981152
4.41674,17.878754,0.078406448,908.120367154262
2.73524,7.9252992,0.090687017,844.3971281150186
3.94592,14.764686,0.059790715,1039.9259903993113
4.62973,19.367056,0.048195795,1158.283131759663
11.19879,86.768715,0.90552371,267.22026650710905
4.29343,17.039574,0.029320809,1485.016679016203
2.82492,8.3714933,0.12660449,714.6522277704366
2.242,5.6545043,0.10097181,800.2381194654048
2.66798,7.5972714,0.048516188,1154.452240105374
2.36531,6.1925912,0.17498203,607.8866147814605
3.60962,12.69235,0.13053784,703.8029694092905
6.51301,22.24796,0.1028,793.0905015718307
9.79754,181.16196,0.1652,625.6252731379863
12.760663,1783.0151,2.16,173.01845530262176
1.71513,3.5881927,0.095448023,823.0682276751551
6.96141,38.709114,0.29041587,471.8556214754554
2.67919,7.651547,0.059044292,1046.4785869950913
5.21265,23.686716,0.13122059,701.9696132433444
3.09396,9.7696781,0.14340702,671.4815748048911
4.62973,19.367056,0.046433973,1180.0526477174942
3.64325,12.893769,0.050943008,1126.618850317535
2.15232,5.2758784,0.12828825,709.9468972252481
2.25321,5.702589,0.11986113,734.4802497496643
2.26442,5.7508411,0.079404076,902.3975504197405
3.16122,10.132992,0.20261623,564.9138087361035
2.18595,5994.2361,0.058875908,1047.9739731955613
1.54698,2208.9046,0.09427688,828.1646811559805
2.45499,6.5964694,0.050515896,1131.371607617444
2.64556,7.4891982,0.054335066,1090.8855936620234
2.5783,7.1688075,0.12254888,726.381262395706
2.79129,8.2029943,0.1539591,648.0621004802179
2.38773,6.2925768,0.07473512,930.1584544304394
2.38773,6.2925768,0.086139433,866.3997165677062
3.27332,10.750574,0.18790809,586.6060892324249
2.54467,7.010777,0.15683717,642.0883753338974
1.99538,4.6394796,0.0257317,1585.2036593717312
1.99538,4.6394796,0.088504021,854.7474320550256
2.93702,8.9432821,0.236,523.4356576240159
2.56709,7.1159697,0.0697484,962.8356922381022
2.63435,7.4354,0.2311586,528.8886878041707
3.67688,13.09649,0.13355661,695.803505468673
2.27563,5.7992597,0.066825255,983.6690195458166
4.21496,16.51421,0.22136582,540.4605809049314
2.82492,8.3714933,0.037908514,1306.023301900414
2.79129,8.2029943,0.031478596,1433.21593779123
2.23079,5.6065874,0.093783064,830.3421747143667
2.63435,7.4354,0.051278637,1122.9258239320225
2.27563,5.7992597,0.12176701,728.7095898688125
1.09858,651.54741,0.10314382,791.7675527309324
1.98417,435.42436,0.1360554,689.384340628156
4.02439,15.266637,0.065598053,992.8275758902869
3.38542,11.383095,0.36310187,421.992821380783
2.38773,6.2925768,0.039570647,1278.2998274369554
2.86976,8.5983448,0.15385373,648.283982054677
2.17474,5.369523,0.10827565,772.7764988456074
3.8114,13.920316,0.16098909,633.754539526325
3.46389,11.834665,0.16021168,635.2902917399645
2.36531,6.1925912,0.10721498,776.5896022183366
1.50214,2.8648744,0.044697959,1202.7502601627314
2.83613,8.4279728,0.11507542,749.5973138339627
14.61784,212.30911,0.04852,1154.4068891327859
1.71513,4.1889731,0.073460135,938.1957145376723
1.9057,3.8488971,0.085255363,870.8802707333048
1.99538,4.1603686,0.10331715,791.1031195889784
2.90339,8.7701168,0.15221758,651.7587935016896
1.9057,4.2910395,0.056899678,1066.017665299895
2.08506,4.999023,0.12363896,723.1720526665324
2.64556,7.4891982,0.14968125,657.2575827678762
6.5018,34.470737,0.49836502,360.2015107703675
1.32278,2.3086002,0.066375826,986.9936001143453
2.58951,7.2218056,0.17221574,612.7493861530436
1.43488,2.6505029,0.042733722,1230.081666543959
0.86317,0.57352358,0.033599748,1387.2390192945156
3.30695,10.938769,0.17105179,614.8306285372963
0.87438,0.60067123,0.013684338,2173.7390615726895
3.64325,12.893769,0.067534935,978.4870061803741
3.35179,11.191779,0.070286277,959.1444895680804
2.15232,5.2758784,0.25807482,500.54887471063387
4.19254,16.365351,0.073888808,935.4702395912952
3.29574,10.875888,0.5749237,335.36226950088826
1.64787,3.3525722,0.035551477,1348.6227505952465
2.83613,8.4279728,0.04667826,1176.9607407687863
2.28684,5.8478451,0.12226979,727.2097998217068
2.38773,6.2925768,0.10784228,774.3276640012378
1.73755,3.6681895,0.083702979,878.9189910338148
2.43257,6.4945178,0.090195034,846.6969446788181
3.40784,11.511377,0.39150164,406.3988900066445
1.32278,2.3086002,0.022115838,1709.887769513475
2.60072,7.2749643,0.046676744,1176.979853691439
3.16122,10.132992,0.062012113,1021.1300127861866
1.69271,3.5089223,0.022845873,1682.346414125966
1.31157,2.2754822,0.0553,1081.3262358800523
0.53808,0.105412,0.0929,834.2792632131948
1.95054,4.4638619,0.12,734.0551380894325
1.61424,3.2372384,0.427,389.1395464729576
1.41246,2.5805743,0.718,300.0938420791791
3.31816,11.001799,0.11283501,757.0025981307649
2.29805,5.8965974,0.033397694,1391.4290469831271
2.1299,5.1829123,0.099258486,807.115118965468
3.01549,9.3527288,0.082166184,887.1003427679356
2.30926,5.9455152,0.12057977,732.2882747434973
1.99538,4.6394796,0.077647422,912.5481423494056
1.05374,1.1724075,0.051320323,1122.4696713527012
2.28684,5.8478451,0.11665751,744.4970045568141
3.73293,13.43724,0.25266767,505.876456937111
8.39629,53.210457,0.121417,729.7591632199482
1.37883,2.4771268,0.07146713,951.1875012781732
6.10945,120.13899,0.08,899.0302656936772
3.18364,10.255306,0.5840438,332.7335525453423
2.90339,8.7701168,0.14426906,669.4724425265662
2.20837,5.5112567,0.18709671,587.8766768916568
1.62545,3.2754986,0.082054978,887.701265961765
1.89449,4.2482729,0.059077361,1046.1856588420221
2.64556,7.4891982,0.17628625,605.6337739953893
4.45037,18.110491,0.11808239,739.9915125577655
4.75304,20.250944,0.18772515,586.8918463249822
1.82723,3.9953845,0.062458745,1017.4724978386005
2.37652,6.2425017,0.096223442,819.7451614908508
2.55588,7.063293,0.15529084,645.2772983290016
1.84965,4.0789714,0.088282651,855.8184067611224
2.90339,8.7701168,0.058929654,1047.4959688829663
10.15626,73.50441,0.1259867,716.4022739275553
3.15001,10.072062,0.048265339,1157.4483641936847
2.09627,5.0447392,0.044952027,1199.3464830513458
1.99538,4.6394796,0.12062991,732.1360705751831
1.16584,1.6844027,0.12664462,714.5389925372882
3.21727,10.439906,0.13364651,695.5694430228282
2.26442,5.7508411,0.18661687,588.6319827972364
1.42367,2.6154425,0.035,1359.2060023690249
2.5783,7.1688075,0.068,975.1352356487873
1.52456,2.9378483,0.084,877.3637018733986
13.887363,260.61896,0.85596454,274.84726466939685
2.95944,9.0594978,0.042054987,1239.9682197655916
2.36531,6.1925912,0.14661596,664.0926624350631
2.48862,6.7506189,0.050275491,1134.073351716125
1.95054,4.4638619,0.11823208,739.5229239473939
0.7847,0.40755892,0.01836506,1876.3900880698534
2.07385,4.9534779,0.11363747,754.3250459004469
2.71282,7.8153238,0.26472424,494.2224290041064
3.11638,9.8901768,0.021709455,1725.8174084993889
3.51994,12.161625,0.16579614,624.4995047386334
1.62545,3.2754986,0.0198469,1804.982373545854
2.49983,6.8023267,0.12271728,725.8826993652752
2.8025,8.2590046,0.1352,691.5617428412901
2.56709,7.1159697,0.078468434,907.7616122556634
3.07154,9.6497879,0.057551091,1059.9674414156452
2.17474,5.369523,0.14062128,678.1000595843094
2.60072,7.2749643,0.054383775,1090.3969566599264
2.65677,7.5431552,0.03640762,1332.671656324093
2.60072,7.2749643,0.11491293,750.1271020835691
2.39894,6.3428164,0.053849776,1095.7900569172932
4.73062,20.089031,0.2270565,533.6448669745914
2.70161,7.7605729,0.07690284,916.9551978372135
4.83151,20.821833,0.052730657,1107.3571513432196
2.93702,8.9432821,0.1171,743.0890443581343
13.18296,114.45583,0.03889212,1289.4024687075287
2.6904,7.7059808,0.051065487,1125.2669588822782
2.49983,6.8023267,0.21884415,543.5654382491311
6.53543,34.773994,0.045086288,1197.5594040716846
1.69271,3.5089223,0.028281043,1512.0689483022898
2.44378,6.5454121,0.031857521,1424.6668430992236
3.03791,9.4710941,0.080099023,898.4743774815912
5.3808,24.998531,0.068673209,970.3437993842738
5.14539,23.170149,0.071962955,947.9049948568394
3.01549,9.3527288,0.10003392,803.980771590397
2.6788957,7.65012,0.061780151,1023.0452026867083
1.2299984,2.0404558,0.090709353,844.2931608017911
13.925859,244.72756,1.4824642,208.84649869307412
2.42136,6.4437871,0.047936089,1161.4165407666715
3.08275,9.7096567,0.16102017,633.6933731467966
7.37618,42.705723,0.10310807,791.9048030784212
1.97296,4.5513229,0.035924934,1341.594646069718
3.363,11.255403,0.067356305,979.7836286922072
10.58224,78.814926,0.028007809,1519.426644513185
12.15164,99.672035,0.02616253,1572.097352230724
3.51994,12.161625,0.13435648,693.7292357298442
9.76391,68.748642,0.048120062,1159.1942462264892
2.89218,8.7127047,0.15051837,655.427339048769
2.242,5.6545043,0.094,829.3834770649174
1.71513,3.5881927,0.64,317.85519868197133
5.95251,29.673468,0.079325683,902.8433340528085
2.08506,4.999023,0.063939863,1005.61896521475
3.10517,9.8298521,0.14748,662.1444473267962
10.17868,73.780113,0.11040857,765.2756826423126
2.8025,8.2590046,0.066527931,985.8646564706327
9.21462,62.311878,0.038745074,1291.8469332766958
6.14308,31.304325,0.051854159,1116.6768386992778
4.12528,15.922101,0.045604882,1190.7309379353003
3.67688,13.09649,0.12336882,723.9633825658749
14.11339,128.50612,0.16740941,621.483171049713
18.18262,140.16215,0.06067,1032.3627087083405
5.98614,29.958656,0.36345498,421.7877807249807
2.83613,8.4279728,0.089079915,851.9800176585757
9.16978,61.797947,0.090734837,844.1745873927798
8.20572,51.176281,0.057051853,1064.595016009936
2.61193,7.3282833,0.046848845,1174.8160246825812
2.10748,5.0906262,0.23192623,528.0127038374832
13.17175,114.29063,0.22356699,537.7933974800924
1.33399,2.3419147,0.031072817,1442.5437459882696
2.92581,8.8854055,0.041777941,1244.072785356503
2.92581,8.8854055,0.11574212,747.4352734022608
1.88328,4.2056823,0.051054138,1125.3920216645254
3.40784,11.511377,0.1518486,652.5501740162965
3.40784,11.511377,0.14062372,678.0941766105029
4.85393,20.986141,0.68677348,306.8404053045262
2.47741,6.6990733,0.073876838,935.5460219713473
9.67423,67.680016,0.081208593,892.3152450267121
3.75535,13.574546,0.092054072,838.1037884953947
2.90339,8.7701168,0.08745174,859.8745169012825
2.42136,6.4437871,0.0504109,1132.5492071430485
16.55717,1000.0,0.033391645,1391.5550721184482
8.5196,54.544006,0.057076595,1064.3642465934702
8.4075,53.331127,0.054033339,1093.9271548706206
2.64556,7.4891982,0.056313881,1071.5478679939754
2.63435,7.4354,0.050565814,1130.813031097121
2.82492,8.3714933,0.44019697,383.26201757785014
12.19648,100.29727,0.048607916,1153.3624422916794
3.29574,10.875888,0.041999236,1240.7909316634966
10.62708,79.382767,0.21799646,544.621253372409
3.26211,10.688141,0.14634168,664.7147069141445
2.53346,6.9584217,0.056160338,1073.0116801593003
3.34058,11.128304,0.061688001,1023.8090338492714
3.57599,12.492237,0.041329338,1250.8063617426237
12.331,102.18262,0.0694,965.2494674681478
1.5694,3.086051,0.03997,1271.897845883961
13.87798,124.88817,0.048586641,1153.6149304232545
2.17474,5.369523,0.069035858,967.7918099818697
1.26673,2.1449845,0.014305045,2126.0559616698265
2.82492,8.3714933,0.14303499,672.3542600937816
3.56478,12.425823,0.06191074,1021.9656729109394
2.94823,9.0013132,0.094513991,827.1252040015555
2.92581,8.8854055,0.043718212,1216.1527048261376
1.96175,4.5075054,0.14619586,665.0461271771167
2.49983,6.8023267,0.15733136,641.0791575180234
3.31816,11.001799,0.10304541,792.1455377889174
10.7616,200.23164,0.0781,909.900259696013
4.57368,18.970661,0.044406191,1206.695087281041
2.97065,9.117837,0.07550989,925.3742003902584
3.23969,10.563725,0.073555475,937.5874893653153
1.21068,1.9283813,0.041441595,1249.1111206978348
1.62545,3.2754986,0.10081004,800.879933655017
2.16353,5.3226161,0.091592945,840.2108671583549
1.10979,1.4117248,0.043555397,1218.423642727409
5.2687,24.120756,0.19825493,571.0936194937714
2.52225,6.9062285,0.076047062,922.1001354673059
3.10517,9.8298521,0.12106998,730.804260525408
11.7705,3210.0628,0.0818,889.0837120733216
3.07154,9.6497879,0.091491762,840.6753437529654
1.62545,3.2754986,0.052418696,1110.6473876445737
2.45499,6.5964694,0.12564014,717.3896391089114
2.81371,8.3151703,0.13219367,699.381235650904
1.9057,4.2910395,0.055208995,1082.2170832411118
2.00659,4.6838183,0.11895379,737.2761140915403
1.75997,3.74891,0.021467222,1735.527030725014
1.25552,2.1128564,0.036840788,1324.8138218297368
1.121,1.4635061,0.020965567,1756.1677592827466
1.35641,2.4091308,0.020377159,1781.3427428898126
2.47741,6.6990733,0.10841384,772.2838309532148
1.69271,3.5089223,0.058157828,1054.4238400553431
2.11869,5.1366839,0.15397506,648.028512770752
1.52456,2.9378483,0.083555338,879.6951664972131
2.27563,5.7992597,0.23878827,520.3706714489336
15.2456,638.83429,0.0274,1536.1867840290545
3.06033,9.5900707,0.079638904,901.0661367303609
1.47972,2.7926567,0.034362333,1371.7595261409335
2.02901,4.773015,0.090039815,847.4264378582187
12.67851,107.11968,0.048329778,1156.6764830041875
1.22189,1.9931486,0.020807676,1762.818166952939
1.63666,3.3139434,0.071852989,948.6300688628909
2.43257,6.4945178,0.18191364,596.1927272799288
3.38542,11.383095,0.067433164,979.2251003989163
6.63632,35.690308,0.57248646,336.0753782895467
1.7936,3.871341,0.092716168,835.1059328344899
2.92581,8.8854055,0.078922109,905.1487684033852
1.7936,3.871341,0.13158413,700.9992434148586
10.7616,136.66604,0.04501,1198.5738534500792
2.29805,5.8965974,0.13611801,689.2257748438063
1.19947,1.8651456,0.024839533,1613.4205813246244
1.40125,2.5458987,0.049517067,1142.7253179765003
1.81602,3.9538581,0.083809364,878.3609776809644
1.81602,3.9538581,0.10740815,775.8909526144679
1.43488,2.6505029,0.047841562,1162.5633578951038
3.17243,10.194074,0.11308873,756.15293544585
1.18826,1.8034186,0.018709821,1859.0218301675193
1.27794,2.1773119,0.05302737,1104.2547141033888
1.46851,2.7568324,0.052238888,1112.55718838771
1.6815,3.4695604,0.044069207,1211.299918695625
0.91922,0.71859407,0.05578077,1076.6562192618378
1.121,3.17828,0.0092560906,2643.0507818959177
0.88559,0.62873346,0.015141521,2066.4959302138877
2.89218,8.7127047,0.10194416,796.4126141266211
3.20606,10.378222,0.56965179,336.91052056574483
0.7847,0.40755892,0.050445289,1132.163106920523
1.58061,3.123569,0.19553751,575.0482228934969
13.02602,112.15208,0.028218645,1513.7397935593945
2.43257,6.4945178,0.25905932,499.59685444513946
1.27794,2.1773119,0.016129076,2002.23275474817
2.54467,7.010777,0.084943226,872.4788954952077
2.11869,5.1366839,0.082649738,884.5014828329021
3.4751,10.901501,0.117,743.4065359532053
3.72172,6.0387321,0.187,588.0286720912405
7.16319,6.0387321,0.287,474.65532512319203
3.48631,4.131764,0.386,409.2848352928218
2.17474,5.369523,0.10588036,781.4687239182907
3.04912,9.5305061,0.12729513,712.7109174484285
1.96175,4.5075054,0.10140699,798.519194330744
1.36762,2.4430315,0.050925313,1126.8145662389093
2.10748,5.0906262,0.10336842,790.9069044995971
1.6815,3.4695604,0.1834858,593.6330556501917
1.30036,2.2425611,0.065841061,990.9937045296165
2.17474,5.369523,0.17402738,609.5516553006693
2.38773,6.2925768,0.11882666,737.6704063147643
6.88294,37.971226,0.5023264,358.7784128047701
15.87336,187.51852,0.0474,1167.9658241873387
2.66798,6.9286505,0.0648,998.9225174374191
2.73524,6.7411319,0.0792,903.5594140846821
1.52456,6.7506668,0.0372,1318.401947808585
1.60303,4.1285858,0.0491,1147.5683446819537
1.21068,1.9283813,0.0175,1922.2075626091919
1.13221,1.5166428,0.10546011,783.0242206243466
2.84734,8.4846077,0.10833781,772.5547725645896
1.99538,4.6394796,0.086821451,862.9900452473004
3.54236,12.293432,0.22359845,537.7555627467881
3.78898,13.781579,0.27093988,488.52055167086803
1.93933,4.4203935,0.11605931,746.4132045984941
1.14342,1.5711567,0.088993249,852.3947667159056
2.89218,8.7127047,0.20401356,562.9758804400659
1.14342,1.5711567,0.078601753,906.9914434832345
10.4253,76.840721,0.47673046,368.2840031803909
1.4573,2.7211983,0.013140728,2218.245417203206
3.01549,9.3527288,0.28421214,476.97761049601957
1.21068,1.9283813,0.128,710.7458312545893
1.92812,4.3771005,0.054632904,1087.9079813746907
2.70161,7.7605729,0.16144857,632.8520694176348
3.55357,12.359554,0.10359484,790.0421167481444
2.14111,5.2293105,0.1375792,685.5559682550913
2.11869,5.1366839,0.068788675,969.5290666258566
4.11407,15.848713,0.088301927,855.7249905891122
10.24594,74.609749,0.090622926,844.6956656575168
9.03526,60.266666,0.049710134,1140.5040688593522
5.11176,22.913624,0.08917468,851.527202197925
2.75766,8.0359058,0.19220469,580.0124496624285
4.06923,12.150565,0.1683,619.8366444308691
5.33596,13.898619,0.2626,496.2173499387867
1.77118,3.7895405,0.034,1379.049475402399
2.4662,6.6476898,0.063,1013.0923389076265
4.8422351,20.900369,0.3395,436.41474609111424
6.08703,30.820942,0.53199609,348.63026476675054
1.31157,2.2754822,0.028546872,1505.012274905364
1.77118,3.7895405,0.04352936,1218.7879870903594
1.5694,3.086051,0.050335729,1133.394561893178
1.87207,4.1632686,0.055993812,1074.606067840074
1.52456,2.9378483,0.047895265,1161.911407741383
1.83844,4.0370889,0.080233439,897.7214497908099
1.25552,2.1128564,0.054106325,1093.1890867174445
5.62742,26.97477,0.26583494,493.188878947215
1.51335,2.9012671,0.012507311,2273.7218299999554
2.10748,5.0906262,0.070326536,958.8699152179296
1.93933,4.4203935,0.051,1125.9891815962333
1.70392,3.5484667,0.10075772,801.0878412970856
1.26673,2.1449845,0.061653555,1024.0949962851494
2.06264,4.9081044,0.070559999,957.2822867457292
2.0178,4.7283306,0.11902631,737.0514771588731
2.0178,4.7283306,0.097640377,813.7754466487094
2.79129,8.2029943,0.10179784,796.984773857731
2.73524,7.9252992,0.099862588,804.6701619031971
2.55588,7.063293,0.12042033,732.772899810521
2.73524,7.9252992,0.12211366,727.6745430676873
2.56709,7.1159697,0.23554183,523.9444971884639
1.37883,2.4771268,0.052,1115.109803929808
2.60072,7.2749643,0.181,597.6955446017586
2.19716,5.4638433,0.25,508.5683178911541
17.07283,1000.0,0.036474679,1331.4460287841541
5.23507,23.859943,0.46192945,374.1377070449873
1.60303,3.1991632,0.020559465,1773.427347506001
2.58951,7.2218056,0.031824356,1425.4089912260338
1.6815,3.4695604,0.031133083,1441.1468645098898
2.04022,4.8178725,0.017207066,1938.5003942522962
2.47741,6.6990733,0.14031738,678.8339784668108
1.17705,1.7431784,0.032439869,1411.8213984312188
1.70392,3.5484667,0.071229248,952.7745023302044
7.14077,40.417568,1.1278915,239.43390247666446
1.19947,1.8651456,0.13,705.2573643203947
1.26673,2.1449845,0.163,629.8331334697436
1.78239,3.8303511,0.074339525,932.6300723389566
1.6815,3.4695604,0.078431478,907.975450424735
2.54467,7.010777,0.26205301,496.7349636026976
1.69271,3.5089223,0.079395036,902.4489229114586
16.72532,1000.0,0.034287841,1373.2488247861781
8.35145,52.728897,0.078291807,908.7849944515843
9.3043,63.344982,0.077385577,914.0907061696005
6.80447,37.239185,0.37803155,413.57595611679557
4.86514,21.068495,0.34673161,431.83972219616146
3.09396,9.7696781,0.136092,689.291634357744
3.23969,10.563725,0.058746106,1049.1311057214903
2.27563,5.7992597,0.045759915,1188.712149092309
2.20837,5.5112567,0.040279868,1266.9961248657428
2.90339,8.7701168,0.12048042,732.590140590246
2.39894,6.3428164,0.063407696,1009.8301184690548
2.48862,6.7506189,0.11180495,760.4817390029463
1.62545,3.2754986,0.033760022,1383.9421781394299
4.64094,19.446737,0.53781553,346.73895543948953
2.05143,4.8629026,0.056086812,1073.714772514387
3.60962,12.69235,0.22815354,532.3603477899626
13.49684,324.18456,0.481,366.6458450006719
6.14308,6.3565601,0.676,309.27581352627067
2.78008,8.1471405,0.15112422,654.1122307470744
3.74414,13.505821,0.15928289,637.1398112047483
1.99538,4.6394796,0.037398766,1314.893775925426
3.75535,13.574546,0.15514072,645.589420142754
3.94592,14.764686,0.23578801,523.6709074896735
2.90339,8.7701168,0.18179322,596.3901539032372
1.43488,2.6505029,0.054353385,1090.7017447876988
2.11869,5.1366839,0.12945327,706.7450791464764
1.92812,4.3771005,0.15983645,636.0355542745875
2.56709,7.1159697,0.20421252,562.7015657784456
2.65677,7.5431552,0.086664151,863.7728763879464
1.78239,3.8303511,0.053929388,1094.98094095276
1.2331,2.0491991,0.047519542,1166.4958090706439
1.78239,3.8303511,0.11021444,765.9493584632705
1.2331,2.0491991,0.062428836,1017.7161988500008
2.49983,6.8023267,0.14381116,670.5374078651264
1.52456,2.9378483,0.068469646,971.7851643609697
1.83844,4.0370889,0.15491548,646.0585783688559
1.13221,1.5166428,0.080419696,896.6812578971499
1.75997,3.74891,0.33115999,441.8759608623526
1.08737,1.3121437,0.049287373,1145.384944956955
8.88953,58.625641,0.28325751,477.78068565351595
6.41212,33.6674,0.28307861,477.93163570995694
2.81371,8.3151703,0.10204134,796.0332883863427
3.0267,9.4118347,0.067014665,982.2779166684655
2.78008,8.1471405,0.085558257,869.3373554434793
1.53577,2.9746177,0.033720767,1384.747480829041
2.53346,6.9584217,0.50848271,356.5998949085688
2.38773,6.2925768,0.079351317,902.6974930239785
1.49093,2.8286707,0.055157335,1082.7237633593206
2.67919,7.651547,0.13684214,687.3997617724025
8.2954,43.399414,0.143,672.4365126694456
8.08241,29.901259,0.227,533.7112745937226
1.63666,3.3139434,0.0273,1538.9977411539319
1.32278,2.3086002,0.12334766,724.0254770078938
2.08506,4.999023,0.065853683,990.8987294167194
1.36762,2.4430315,0.03795618,1305.202981421005
2.54467,7.010777,0.22538182,535.6237985804578
2.00659,4.6838183,0.092306741,836.9559418926591
2.53346,6.9584217,0.30746136,458.58942313945175
1.77118,3.7895405,0.042969481,1226.7025041859486
1.41246,2.5805743,0.056861248,1066.3778415244856
2.10748,5.0906262,0.23989526,519.1686651997912
1.19947,1.8651456,0.12675539,714.2267108121995
1.22189,1.9931486,0.024631043,1620.2346091651686
1.46851,2.7568324,0.11938028,735.9579640993755
15.32407,257.44068,0.0731,940.5039360741621
0.81833,0.47370976,0.03750679,1312.998885615364
2.60072,7.2749643,0.16058005,634.5611966554595
2.8025,8.2590046,0.037204455,1318.3230102658076
2.06264,4.9081044,0.079388176,902.4879127597635
1.37883,2.4771268,0.054313886,1091.0982713632325
1.50214,2.8648744,0.057626442,1059.2742203013395
1.75997,3.74891,0.18797045,586.5087766224284
1.9057,4.2910395,0.037533371,1312.533872697562
1.73755,3.6681895,0.058077681,1055.1511398601376
2.25321,5.702589,0.10167474,797.4670920222968
2.42136,6.4437871,0.06576585,991.560201656856
3.80019,13.850876,0.40771685,398.23550365194706
2.86976,8.5983448,0.26368517,495.19523075792347
1.42367,2.6154425,0.018437273,1872.7118679941489
1.37883,2.4771268,0.073664647,936.892473114082
3.07154,9.6497879,0.31686434,451.7338372829731
2.34289,6.0932651,0.1877291,586.8856719093282
2.30926,5.9455152,0.2737382,486.0171588765583
1.71513,3.5881927,0.085092659,871.7124696357732
1.59182,3.1612732,0.043892819,1213.731347713789
1.10979,1.4117248,0.018583743,1865.3172671814457
1.5694,3.17828,0.056714337,1067.7581037392952
13.116992,953.48401,2.5915147,157.95830601073672
2.1299,5.1829123,0.36292895,422.09334010333106
1.33399,2.3419147,0.074660658,930.6221805748588
1.36762,2.4430315,0.028869114,1496.5891011956983
2.45499,6.5964694,0.10955491,768.2514395553936
2.08506,4.999023,0.26593285,493.09808052087567
1.3452,2.3754251,0.05182477,1116.9934186309213
1.44609,2.685755,0.091604803,840.1564838586506
3.72172,13.368802,0.3404092,435.8315456556821
2.66798,7.5972714,0.58728943,331.81285984354474
2.21958,5.5588379,0.26725565,491.8762555409507
1.74876,3.7084594,0.11342425,755.0337200596671
3.50873,10.806152,0.03366897,1385.81223274133
12.449262,3126.1562,1.5982808,201.13736888701612
3.34058,11.128304,0.29560179,467.69828363635
3.08275,9.7096567,0.12649422,714.9636551793194
2.1299,5.1829123,0.23062993,529.4945231585883
5.93009,29.483963,0.25841427,500.2200090667512
2.63435,7.4354,0.22949847,530.7981598964068
2.63435,7.4354,0.19114936,581.6113616595615
1.92812,4.3771005,0.099296659,806.9599628533773
2.27563,5.7992597,0.16987048,616.9647463261889
1.84965,4.0789714,0.075710623,924.1466551780396
2.9146,8.8276834,0.079548073,901.5804256700791
3.41905,13.030948,0.10241503,794.5796856967014
8.97921,59.633297,0.42070143,392.04174338706486
5.59379,26.701651,0.30901506,457.43509710930505
7.64522,45.383831,0.50303016,358.5273520433469
4.21496,16.51421,0.38171605,411.5751028380653
1.18826,1.8034186,0.083898184,877.8959099199858
2.32047,5.9945993,0.12004368,733.9215765155041
3.12759,9.950654,0.11208099,759.5446809357433
3.00428,9.2937756,0.061001443,1029.5542879068296
5.50411,25.978928,0.059603186,1041.5606607957322
2.06264,4.9081044,0.086641025,863.8881467160471
4.38311,17.648243,0.13795539,684.6206102528957
2.66798,8.5813561,0.12547008,717.8756433064191
2.28684,5.8478451,0.038348256,1298.5135832181127
2.54467,7.010777,0.12699935,713.5403824690052
1.97296,4.5513229,0.10042268,802.4230624858983
2.65677,7.5431552,0.08787229,857.8144025115
2.11869,5.1366839,0.1084032,772.3217306570052
3.38542,11.383095,0.5214205,352.14802339848666
4.12528,15.922101,0.42362151,390.68820861695536
2.3541,6.1428456,0.10325549,791.3392917201345
3.65446,12.961199,0.62866264,320.7085069338689
1.99538,4.6394796,0.042661129,1231.1277870538668
1.69271,3.5089223,0.05703936,1064.711595660901
2.07385,4.9534779,0.20039907,568.0302378504206
0.98648,0.92556667,0.026924665,1549.6875775080248
1.47972,3.496108,0.036116819,1338.0260216099252
13.72009,343.25424,1.6365787,198.77000957745383
2.76887,8.091445,0.11367171,754.2114290874424
2.1299,5.1829123,0.084639067,874.0451599559867
4.65215,19.526556,0.075294433,926.6972458882174
1.96175,4.5075054,0.25121292,507.3390836073785
1.5694,3.086051,0.040922663,1257.006033643549
1.47972,2.7926567,0.028547452,1504.9969861231423
3.95713,14.835971,0.41824828,393.1897829020182
2.62314,7.381762,0.16749978,621.315496168052
2.99307,9.2349758,0.27024306,489.1499697518408
2.72403,7.8702326,0.075262254,926.895333258078
1.99538,3.496108,0.026024602,1576.2578327518595
2.66798,7.5972714,0.10162167,797.6752959152482
2.30926,5.9455152,0.052736046,1107.3005704976479
2.25321,5.702589,0.12930645,707.1461994101431
2.36531,6.1925912,0.31264312,454.77320449811083
2.11869,5.1366839,0.23703328,522.2935262078029
2.98186,9.1763296,0.45184477,378.2898388987269
2.36531,6.1925912,0.28398734,477.16635721251987
3.26211,10.688141,0.43191158,386.9206261137046
2.07385,4.9534779,0.10912866,769.7503493390301
2.20837,5.5112567,0.073037596,940.9056379346769
1.47972,6.0387321,0.050055182,1136.566322928842
2.60072,7.2749643,0.091797962,839.2721001477097
1.52456,2.9378483,0.013160875,2216.546893850901
2.54467,7.010777,0.31963847,449.76927509532544
1.62545,3.2754986,0.13454623,693.2398813779811
2.97065,9.117837,0.12770473,711.5670254053234
1.60303,3.1991632,0.017714585,1910.5297935740812
2.70161,7.7605729,0.17063128,615.5877679469603
1.98417,4.5953145,0.048781817,1151.304811332051
1.35641,2.4091308,0.040612008,1261.8045072179373
2.32047,5.9945993,0.064487375,1001.3409023171777
2.34289,6.0932651,0.0702663,959.2808242533126
0.79591,0.42881536,0.0233,1665.870913632468
1.3452,2.3754251,0.0324,1412.6897719198726
1.5694,3.086051,0.052,1115.109803929808
1.72634,6.9795029,0.0936,831.1537746545042
1.27794,1.8084413,0.02675,1554.7387133986667
1.30036,2.2425611,0.00622,3224.2158868963834
3.7106075,13.301102,0.0876,859.1465546720121
1.37883,2.1993698,0.03807,1303.2504018592902
0.0,0.0,14.7,66.32246184320078
0.0,0.0,18.6,58.96072753936251
9.9769,257.44068,0.0464,1180.4845722116536
16.815,1175.9636,0.043,1226.2671044314473
1.5968584,3.17828,0.62,322.9412048022491
13.879958,263.79724,0.72,299.6767552312257
5.1751976,23.398498,1.61,200.40399180676675
12.93794,1303.0948,3.3,139.9788225223562
3.2260501,10.488324,3.2,142.1491662509179
8.1750994,50.85248,2.4,164.13971880009663
13.208851,813.63969,1.82,188.48795905615182
12.388146,3496.108,1.21,231.16741722325187
14.144978,171.62712,2.9,149.3207996351335
2.9866023,9.2011207,0.92,265.10956203266534
11.126015,85.813561,1.72,193.88985348714652
13.523204,476.742,2.0,179.80605313873542
5.9909787,29.999785,4.14,124.97384604712889
4.4341545,17.9986,0.84,277.44676342768787
4.4341545,17.9986,0.69,306.12215400860623
12.848516,1525.5744,1.1,242.45043259238764
12.359231,3686.8048,4.3,122.62671044314473
12.53601,2669.7552,10.2,79.61945858493874
2.4775715,6.6998143,0.9,268.03903838943455
1.6034328,3.200528,0.94,262.2740841235162
6.4156981,33.699303,0.24,519.0553659078653
13.156872,889.91841,1.67,196.7709898574907
14.059257,197.05336,0.95,260.8900423563425
12.99651,1175.9636,8.3,88.26332009149345
11.976742,7532.5237,1.613,200.21754054127342
12.66219,2126.2693,0.53,349.28615475982537
13.302568,692.86505,1.3893639,215.7303761629314
12.297015,101.70496,0.071556305,950.5946213865986
14.024252,127.1312,0.057323604,1062.068583370567
14.245125,146.20088,0.052249354,1112.4457553670084
14.9093,258.07634,0.0326,1408.3497009200448
17.87995,235.19272,0.063,1013.0923389076265
16.5908,756.43065,0.023,1676.7000910258416
3.18364,20.598433,0.019,1844.7711809421542
12.73456,72.782613,0.0382,1301.0309392904867
12.611392,2329.6793,5.35,109.93662872174455
13.271242,731.00441,3.43,137.30054018637085
12.251642,4497.2662,3.12,143.96005666042547
13.199843,826.35281,4.3,122.62671044314473
12.981268,1207.7464,3.6,134.01951919471728
3.8401165,14.09885,3.5,135.9206002369025
2.182734,5.403076,2.6,157.7003408252737
13.958585,232.01444,2.3,167.67000910258415
11.126015,85.813561,4.5,119.87070209249028
10.67571,80.000487,2.59,158.00448834182518
4.5877261,19.06968,3.3,139.9788225223562
8.7623758,57.209041,18.0,59.93535104624514
12.8726,1462.0088,1.7,195.02704712975748
9.0459099,60.387321,8.0,89.90302656936771
14.156616,168.44884,2.72,154.18241856675942
13.844279,279.68864,1.89,184.9645089517919
7.7145772,46.08506,4.0,127.14207947278852
13.858291,273.33208,4.8,116.06430822560135
13.39899,587.98181,0.87,272.6212342162393
13.171536,867.67045,3.45,136.90198915638067
13.816671,123.95292,0.9,268.03903838943455
14.231651,149.37916,1.6,201.02927879207593
6.5603285,34.99922,2.7,154.75241096746845
12.31568,3994.7802,0.8,284.2983325018358
11.604296,92.170121,3.6,134.01951919471728
1.326672,2.3201444,0.883,270.6069548228239
14.039631,203.40992,2.6,157.7003408252737
13.177942,858.13561,1.8,189.5322216678905
14.180596,162.09228,3.11,144.19131794470172
13.099943,982.08853,4.4,121.22521629619382
8.5888529,55.298894,1.9,184.4771180942154
10.963785,83.700005,2.5,160.8234230336607
14.122361,177.98368,1.75,192.2207562609192
13.967059,228.83616,0.73,297.6170967679355
13.044953,1080.6152,1.6,201.02927879207593
4.8556671,20.998896,2.1,175.47274037467974
4.4198413,17.900073,2.62,157.09727803952327
12.93794,1303.0948,5.4,109.4264792000644
12.926943,1328.5211,6.4,100.51463939603796
12.281842,4252.5387,2.17,172.61933492028737
1.1138288,1.430226,1.16,236.0969144423307
1.623974,3.2704502,3.913,128.54772113463792
14.044892,127.44903,2.424,163.32512459670588
2.9481483,9.000889,1.8,189.5322216678905
13.488577,505.34652,1.02,251.77883519785323
1.9468648,4.449592,1.18,234.08754245892112
13.941995,238.371,0.59,331.049777327994
3.8130262,13.930401,0.97,258.1864456396193
15.27923,441.78092,0.02383,1647.24153620048
14.0125,197.05336,0.0434,1220.6030228604702
11.42299,89.738525,0.0473,1169.199808497903
12.25253,400.46328,0.02289,1680.7240307065504
13.452,375.03704,0.03035,1459.6205131902773
12.6673,321.00628,0.051,1125.9891815962333
15.2456,327.36284,0.051,1125.9891815962333
18.0481,1430.226,0.0308,1448.918466899608
12.257389,4449.592,243.0,16.312336401987388
14.573,2542.624,22.0,54.21356484508093
12.414076,3333.8537,34.5,43.292210194183625
6.17671,168.76667,0.652,314.9165667348718
10.12263,73.09166,0.828,279.45001517097353
10.54861,734.18269,0.03734,1315.9280644776932
0.33394605,0.01906968,0.19,583.3678693615813
1.9080986,4.3002129,0.36,423.80693157596176
1.8013406,3.8997496,0.46,374.92153814138663
13.222642,794.57001,23.0,53.02191240653307
13.656632,381.3936,0.0044,3833.4779334253344
13.906372,252.64148,0.0102,2517.788351978532
14.144978,171.62712,0.06,1038.1107318157306
13.389509,597.51665,0.03176,1426.852429475226
12.577662,2475.8801,5.5,108.42712969016186
1.0778216,1.271312,0.0485,1154.6448866384858
12.81303,411.26944,0.02332,1665.1564075246988
17.29703,233.92141,0.0286,1503.6137528817787
14.05734,792.66304,0.02153,1732.994925425185
12.28616,1369.8387,0.03783,1307.3778877332477
12.72335,1938.7508,0.02803,1518.825069900964
12.40947,1373.017,0.04127,1251.705243358249
19.057,597.51665,0.0352,1355.3391211270232
14.40485,117.91419,0.0474,1167.9658241873387
11.31089,378.21532,0.0234,1662.3075493090084
12.185583,5085.248,210.0,17.547274037467975
12.498012,2860.452,157.0,20.29408521823452
12.924229,1334.8776,5.3,110.45398042031111
1.1068671,1.3984432,0.0496,1141.7695792011202
13.6762,1997.6634,1168.0,7.440427419198386
12.6673,3082.9316,0.03,1468.110276178865
9.0801,1207.7464,0.055,1084.2712969016186
13.463031,527.59448,0.0968,817.3002415397066
2.9866023,9.2011207,0.5,359.61210627747084
15.4698,556.19901,0.0583,1053.137381640318
10.81765,1722.6278,0.0914,841.0972403542319
11.28847,199.99963,0.2069,559.0350792820218
7.69006,29.999785,0.1293,707.163836827414
1.24431,2.0809278,0.0306,1453.6457827773097
2.42136,6.4437871,0.0472,1170.4377122946055
2.1299,5.1829123,0.0733,939.219971057661
1.08737,0.84860077,0.01111,2412.4719721192578
1.05374,1.3793735,0.01521,2061.8387568418043
0.77349,0.40999812,0.02144,1736.6284656586693
0.91922,0.61976461,0.02817,1515.0462207938153
1.04253,0.68015193,0.0371,1320.177574132168
1.13221,1.3412342,0.0451,1197.3773399599877
0.75107,0.34834272,0.059539171,1042.1204401162881
13.222642,794.57001,0.69,306.12215400860623
12.440207,3178.28,1.37,217.24961843121977
13.041587,1086.9718,1.414,213.84278467214244
12.782102,1716.2712,0.21,554.8935268553757
12.399163,3426.1859,0.422,391.43808711495717
1.0214981,1.0488324,0.0252,1601.83963550766
1.0375773,1.1092197,0.0443,1208.1404987833328
12.6673,266.97552,0.04151029,1248.077121436066
15.2456,473.56372,0.039618162,1277.5330498352491
14.97656,607.05149,0.02282,1683.2998544871743
18.0481,247.90584,0.046751083,1176.0437222790051
13.38474,568.91213,0.02459,1621.58620664017
13.617907,406.81984,4.18,124.37444764673532
12.257389,4449.592,670.0,9.823854115750676
12.695699,2002.3164,5.9,104.68713152480318
12.584096,2447.2756,2.8,151.963850836144
13.079797,1017.0496,1.7,195.02704712975748
10.21231,74.194458,0.1687,619.1013693862506
13.984382,222.4796,0.057,1065.0791379102166
12.378328,3559.6736,102.0,25.177883519785322
16.62443,271.42511,0.03889,1289.4376126517507
12.1068,1001.1582,0.03781,1307.723617710925
14.9093,400.46328,0.036044586,1339.366046167906
16.0303,162.09228,0.05140044,1121.594542923226
17.12888,473.56372,0.01985,1804.8414248345937
12.74577,404.27722,0.02918,1488.595364095805
10.7616,572.09041,0.075,928.5144658048108
11.4342,514.88136,0.084399261,875.2860037488551
10.5374,38.13936,0.055,1084.2712969016186
12.4431,251.08412,0.052823415,1106.384463693751
15.79489,150.9683,0.05885,1048.2046267396593
15.01019,562.23774,0.02851,1505.9851770795376
11.8826,95.348401,0.099006935,808.1398038362698
16.1424,163.36359,0.05453,1088.933997487072
15.694,390.92844,0.0363,1334.64570561715
21.71377,465.61802,0.0232,1669.4572921939216
16.51233,1541.4658,0.0514,1121.5993435121636
20.90665,375.99053,0.02544,1594.265883218307
14.77478,285.72737,0.04263,1231.5771980707786
13.9004,190.6968,0.0449,1200.0411415614374
10.7616,88.991841,0.0449,1200.0411415614374
15.3577,57.209041,0.052,1115.109803929808
10.4253,317.828,0.0628,1014.7042609117261
13.6762,114.41808,0.046753432,1176.0141783366112
9.9769,390.92844,0.1012,799.3354050889095
13.6762,85.813561,0.0607,1032.1075628358335
9.7527,130.30948,0.067,982.3854115750676
13.5641,368.68048,0.0345,1369.0198915638066
14.573,603.87321,0.0243,1631.233640198739
15.4698,479.92028,0.0661,989.0507490138989
12.2189,387.75016,0.0494,1144.0785190299036
8.968,37.185876,0.062,1021.2297574940137
15.4698,2809.5995,0.039385001,1281.3089965625002
16.1424,775.50033,0.0323,1414.8749082172496
13.5641,854.95733,0.0469,1174.1751493072638
17.1513,266.97552,0.0347,1365.0688879668623
9.5285,139.84432,0.0316,1430.4601531340934
10.089,282.86692,0.0261,1573.9794296155378
12.49915,87.402701,0.0549,1085.2583442584096
15.8061,171.62712,0.049925201,1138.044894808388
12.6673,98.526681,0.055,1084.2712969016186
17.3755,123.95292,0.048,1160.6430822560135
5.7171,40.681984,0.0453,1194.7311989576997
11.18758,86.6213,0.0499,1138.332231975313
11.9947,886.74013,0.0517,1118.3404523329057
15.4698,174.8054,0.0538,1096.2968546459858
13.6762,394.10672,0.050616176,1130.250323841936
12.2189,88.356185,0.0452,1196.0520740973798
12.81303,791.39173,0.0673,980.1933997438107
11.21,1652.7056,0.0871,861.6090032721495
13.47442,594.33837,0.0266,1559.116212573812
12.64488,676.97365,0.02818,1514.7773810754725
14.1246,209.13083,0.04823,1157.8723283019178
7.0623,32.100628,0.0641,1004.3620423825141
17.7118,2542.624,0.0365,1330.9841192784731
16.815,133.48776,0.0519,1116.1835738501702
20.9627,247.90584,0.061998556,1021.2416500869913
12.28616,508.5248,0.0337,1385.1740775953474
17.5997,149.37916,0.0694,965.2494674681478
13.452,1172.7853,0.0248,1614.7060240112457
14.573,413.1764,0.0559,1075.507397754011
17.7118,161.45663,0.03957,1278.310277987974
13.452,3635.9524,0.021321872,1741.4324785308024
13.27264,95.030573,0.05427,1091.5393461945196
16.4787,159.54966,0.04632,1181.5035491577114
15.60432,339.75814,0.01634,1989.2679236677454
12.8915,317.828,0.0663,987.5578413719351
12.00591,290.81262,0.03138,1435.465755096733
16.38902,98.844509,0.06,1038.1107318157306
11.9947,95.348401,0.052,1115.109803929808
13.7883,212.94476,0.051486992,1120.6514204097161
10.78402,280.95995,0.0376,1311.370420617581
15.4698,394.10672,0.03886707,1289.8179146006646
11.9947,139.84432,0.041434751,1249.214277629098
13.5641,270.1538,0.036581221,1329.50571136257
13.59773,288.27,0.04469,1202.8573564163682
8.6317,73.100441,0.04460656,1203.981849382104
15.9182,772.32205,0.034591216,1367.2136678239387
17.36429,151.92179,0.04659,1178.0750292930852
10.7616,835.88765,0.034160455,1375.8068980765415
17.85753,665.21401,0.0239,1644.8274888961548
11.21,177.98368,0.051179998,1124.0074082145006
14.573,225.65788,0.042839274,1228.5653283388892
14.87567,750.39191,0.02677,1554.1578283743193
13.0036,572.09041,0.0446,1204.0703900831033
13.7883,1093.3283,0.085388128,870.2029669882795
14.2367,88.991841,0.0486,1153.4563686841452
14.80841,376.94401,0.0226,1691.4730644929841
12.331,270.1538,0.038379459,1297.9856216592448
13.083405,1010.693,1.07,245.82577503897664
12.57762,167.49536,0.0561,1073.58856054727
10.4253,565.73385,0.0142,2133.9052589728053
12.7794,282.54909,0.03473,1364.4791828973823
12.7794,330.54112,0.041123026,1253.9400502479573
13.16054,607.05149,0.02335,1664.0863700954503
12.63367,363.09625,0.051269087,1123.0304039323676
13.63075,398.19717,1.393,215.4486353968655
3.57599,13.10087,0.085968073,867.2627831662682
1.80481,6.8301238,0.016935154,1954.0007712117601
16.815,254.2624,0.031172406,1440.2375971701395
12.4431,117.59636,0.03764002,1310.6730909999333
12.18527,502.16824,0.0267,1556.1937803651485
13.07086,466.82577,0.0293,1485.5439183913775
14.2367,146.20088,0.0272,1541.8241856675943
12.03954,677.6093,0.04101,1255.666827983564
12.173986,5196.4878,3.73,131.6633466867929
17.7118,187.51852,0.047968247,1161.027167616361
14.9093,193.87508,0.05493794,1084.8835412277297
10.5374,143.0226,0.048399609,1155.841754866661
11.7705,204.68123,0.03769,1309.8037732426271
16.0303,308.29316,0.058467963,1051.6236010505029
8.68775,274.28557,0.0697,963.1699329861792
11.5463,117.59636,0.035970266,1340.7489984174579
9.8648,174.8054,0.054870718,1085.5478820796454
15.8061,851.77905,0.058742243,1049.1656015683186
14.7972,165.27056,0.054496791,1089.265731714143
15.8061,117.59636,0.056855001,1066.4364245803267
14.24791,403.95939,0.02648,1562.6449599302132
12.46552,492.6334,0.0334,1391.3810126902101
15.694,746.89581,0.054995761,1084.3130831900494
12.8915,136.66604,0.052553474,1109.222296976934
14.7972,343.25424,0.066078335,989.2128749844741
12.4431,92.170121,0.047890904,1161.9643090219743
14.9093,305.11488,0.0617,1023.709477269726
13.04844,187.51852,0.04853,1154.2879455552065
13.2278,441.78092,0.036342287,1333.8689989939558
14.4609,731.00441,0.04677348,1175.7621203419162
15.9182,908.98809,0.068065715,974.6643929752056
15.2456,228.83616,0.032251965,1415.9281499250856
14.2367,340.07596,0.0375,1313.117750400773
20.5143,292.40176,0.033,1399.788225223562
15.4698,727.82613,0.027432831,1535.267271801566
21.6353,352.78908,0.04046879,1264.0352820377825
18.7207,270.1538,0.05237578,1111.1023191354948
12.6673,807.28313,0.087423028,860.0157079062292
12.47121,3003.4746,5.28,110.66297583978037
11.19879,170.99147,0.0344,1371.0083020402749
16.01909,231.69661,0.03908,1286.2992854927854
18.1602,371.85876,0.04329717,1222.0516183861273
11.6584,95.348401,0.059,1046.8713152480318
10.55982,220.57263,0.0771,915.7820291484636
13.9004,402.05242,0.039,1287.617890949731
15.52585,692.86505,0.02946,1481.50436252934
16.3666,133.48776,0.055700125,1077.4353515851726
11.6584,1875.1852,0.0427,1230.5672944994888
18.2723,200.23164,0.0562,1072.6329853151599
11.5463,425.88952,0.037,1321.9603940857448
16.37781,255.85154,0.0348,1363.1061710811969
17.90237,467.20716,0.04211,1239.1580005153744
17.7118,158.914,0.058008776,1055.7776279247867
14.061255,196.41771,0.0335,1389.3027725269353
13.7883,457.67232,0.037372406,1315.3574133250306
13.452,152.55744,0.0453,1194.7311989576997
12.7794,432.24608,0.033612661,1386.9725253945044
12.82424,293.03742,0.03762,1311.0217909635091
11.4342,772.32205,0.066938545,982.8362627633976
12.598676,2383.71,2500.0,5.085683178911541
10.47014,6992.2161,8.0,89.90302656936771
16.7029,1274.4903,0.047,1172.925361673361
15.27923,355.96736,0.01855,1867.013030078524
1.2074749,1.9101463,0.0375,1313.117750400773
1.6645224,3.4102945,0.089,852.3624373552319
2.6893699,7.7009725,0.47,370.9115668264587
2.02901,4.773015,0.0571,1064.1460854859085
12.7794,263.79724,0.046785758,1175.6078324221903
11.13153,179.89065,0.0368,1325.5478101633266
10.881423,82.635281,0.13,705.2573643203947
13.577252,435.42436,0.4756,368.7214329875115
15.8061,2316.9661,0.035371413,1352.0510860548648
14.0125,451.31576,0.051951174,1115.6336955027432
12.7794,378.21532,0.0515,1120.509882989384
23.2047,1398.4432,0.0815,890.7185593848551
0.93028194,0.75007409,0.01557,2037.863072381572
1.0020232,0.97891025,0.0209,1758.9203067467556
1.0457877,1.1410025,0.02764,1529.5028359347355
13.415153,572.09041,1.2,232.1286164512027
12.680834,2056.3472,1.46,210.44706732166009
12.576953,2479.0584,1.7,195.02704712975748
0.0,0.0,9.1,84.29437787795051
12.498012,2860.452,2.7,154.75241096746845
12.713733,1938.7508,1.4,214.90933884291684
12.661359,2129.4476,1.3,223.0219607859616
13.503707,492.6334,3.39,138.10819738898647
12.591335,2415.4928,1.93,183.03774277491092
12.511628,2790.5299,1.19,233.10190632349327
13.39899,587.98181,2.05,177.59976034187784
13.754639,324.18456,1.24,228.353915840224
12.875068,1455.6523,2.17,172.61933492028737
12.509127,2803.243,1.275,225.19783631924662
12.272398,4327.5461,55.0,34.28766899753784
13.411556,575.58651,2.65,156.20551712849627
13.246413,762.78721,1.1,242.45043259238764
11.970115,7627.8721,1.9,184.4771180942154
11.90824,8581.3561,6.1,102.95664652679078
13.448934,540.3076,1.1,242.45043259238764
13.523204,476.742,0.83,279.11312533762066
12.93794,1303.0948,3.9,128.7617890949731
2.04022,4.8214508,0.06839,972.3508631468522
13.511426,486.27684,4.43,120.81404987833328
13.74005,332.09848,0.2196,542.6291721292048
5.3810306,25.000351,0.4123,396.0159140098602
12.908218,1373.017,0.049,1148.7387359547195
1.8099732,3.9315324,0.538,346.6795052359862
1.8099732,3.9315324,1.334,220.16150792817535
1.1785648,1.7512323,0.133,697.2579672274111
1.1932461,1.8306893,0.243,515.8413698915615
12.050843,6547.2569,1.17,235.08578810679825
13.995384,218.53853,0.059222,1044.9073184198319
13.358715,629.61727,0.827774,279.4881604819538
12.933515,1313.2653,2.51329,160.3976511776039
1.87,4.1554556,0.13456,693.204409627848
2.76,8.0474854,0.05769,1058.6905497824373
1.1027747,1.38,0.021,1754.727403746797
1.1783333,1.75,0.035,1359.2060023690249
1.164989,1.68,0.054,1094.264792000644
